#Mutations	Probability
L41P	0.84
S42F	0.87
S42P	0.78
I55T	0.8
T56K	0.74
T56R	0.6
E59K	0.61
A73P	0.73
Y75C	0.81
L76P	0.55
I77N	0.78
P79L	0.96
S80P	0.07
V84D	0.94
D90H	0.59
Y99C	0.91
Y99S	0.89
A101P	0.44
H103P	0.98
L118R	0.91
P139L	0.97
P139Q	0.98
V144L	0.34
A173E	0.82
T178I	0.87
L179R	0.57
C180R	0.99
L183P	0.77
L183R	0.89
R190Q	0.93
R190W	0.89
D207G	0.38
R227S	0.55
D234G	0.86
R235G	0.89
R235Q	0.9
L244R	0.6
H245D	0.96
H245P	0.96
H245R	0.97
E246K	0.74
A251T	0.77
M252T	0.97
S253N	0.31
L256P	0.88
L281P	0.87
E283K	0.46
L287P	0.9
R292C	0.8
R292H	0.84
R292L	0.95
R292P	0.8
P335L	0.91
L341P	0.16
Y344D	0.94
C354R	0.94
T361I	0.29
L365H	0.63
N398K	0.31
N398S	0.4
V399V	0.18
R406C	0.99
R406H	0.98
R406R	0.73
G417R	0.47
G417S	0.67
L423P	0.71
L426P	0.62
I439F	0.09
N442D	0.56
M443R	0.62
H445P	0.23
P480L	0.93
P480S	0.88
E487D	0.38
E487E	0.17
R536H	0.82
G543R	1.0
G544C	0.98
G544D	1.0
G544R	1.0
G544V	1.0
N548D	0.29
N548I	0.51
E549K	0.98
R551C	0.83
R551G	0.72
R551H	0.82
R551L	0.94
C552R	0.85
Y554C	0.61
S569F	0.86
T570A	0.53
T570I	0.9
T570T	0.17
T574P	0.71
P575S	0.91
