Variant ID,HGVSp/c,Consequence,AC Case,AN Case,AC Control,AN Control,AF Case,AF Control,No. de novos,P-Val,Estimate,In Analysis
9-130427566-G-A,p.Asp207Asn,missense (MPC < 2),3,48496,7,194644,0.00006186077202243484,0.0000359630915928567,0,,,
9-130444735-G-C,p.Ser533Thr,missense (MPC < 2),1,48496,5,194644,0.000020620257340811613,0.000025687922566326217,0,,,
9-130438929-C-T,p.Thr419Met,missense (2 ≤ MPC < 3),0,48496,4,194644,0,0.000020550338053060972,0,,,yes
9-130438974-C-T,p.Pro434Leu,missense (2 ≤ MPC < 3),0,48496,4,194644,0,0.000020550338053060972,0,,,yes
9-130439004-C-T,p.Ala444Val,missense (2 ≤ MPC < 3),0,48496,4,194644,0,0.000020550338053060972,0,,,yes
9-130442517-G-A,p.Val515Ile,missense (MPC < 2),0,48496,4,194644,0,0.000020550338053060972,0,,,
9-130413917-A-C,p.Lys25Gln,missense (2 ≤ MPC < 3),0,48496,3,194644,0,0.00001541275353979573,0,,,yes
9-130420717-C-G,p.Thr78Ser,missense (MPC < 2),1,48496,3,194644,0.000020620257340811613,0.00001541275353979573,0,,,
9-130422360-C-T,p.Arg100Trp,missense (MPC < 2),0,48496,3,194644,0,0.00001541275353979573,0,,,
9-130427575-G-A,p.Asp210Asn,missense (MPC < 2),0,48496,3,194644,0,0.00001541275353979573,0,,,
9-130430429-A-G,p.Ile289Val,missense (MPC < 2),0,48496,3,194644,0,0.00001541275353979573,0,,,
9-130432187-C-T,p.Arg305Trp,missense (MPC < 2),0,48496,3,194644,0,0.00001541275353979573,0,,,
9-130446700-G-A,p.Asp586Asn,missense (2 ≤ MPC < 3),0,48496,3,194644,0,0.00001541275353979573,0,,,yes
9-130416063-G-C,p.Glu53Gln,missense (2 ≤ MPC < 3),0,48496,2,194644,0,0.000010275169026530486,0,,,yes
9-130422372-G-A,p.Val104Ile,missense (2 ≤ MPC < 3),0,48496,2,194644,0,0.000010275169026530486,0,,,yes
9-130425566-G-A,p.Arg171His,missense (2 ≤ MPC < 3),0,48496,2,194644,0,0.000010275169026530486,0,,,yes
9-130425583-G-A,p.Ala177Thr,missense (2 ≤ MPC < 3),0,48496,2,194644,0,0.000010275169026530486,0,,,yes
9-130432188-G-A,p.Arg305Gln,missense (MPC < 2),0,48496,2,194644,0,0.000010275169026530486,0,,,
9-130435514-G-A,p.Val362Ile,missense (MPC < 2),0,48496,2,194644,0,0.000010275169026530486,0,,,
9-130438961-G-A,p.Ala430Thr,missense (MPC < 2),1,48496,2,194644,0.000020620257340811613,0.000010275169026530486,0,,,
9-130442487-C-T,p.Arg505Cys,missense (2 ≤ MPC < 3),0,48496,2,194644,0,0.000010275169026530486,0,,,yes
9-130444722-G-A,p.Gly529Ser,missense (MPC < 2),0,48496,2,194644,0,0.000010275169026530486,0,,,
9-130444744-G-A,p.Arg536His,missense (2 ≤ MPC < 3),0,48496,2,194644,0,0.000010275169026530486,0,,,yes
9-130446693-A-C,p.Arg583Ser,missense (MPC < 2),1,48496,2,194644,0.000020620257340811613,0.000010275169026530486,0,,,
9-130413887-A-G,p.Met15Val,missense (MPC < 2),0,48496,1,194644,0,0.000005137584513265243,0,,,
9-130413903-A-T,p.Lys20Met,missense (2 ≤ MPC < 3),0,48496,1,194644,0,0.000005137584513265243,0,,,yes
9-130413919-G-T,p.Lys25Asn,missense (2 ≤ MPC < 3),0,48496,1,194644,0,0.000005137584513265243,0,,,yes
9-130416051-G-C,p.Asp49His,missense (2 ≤ MPC < 3),0,48496,1,194644,0,0.000005137584513265243,0,,,yes
9-130416054-A-G,p.Ile50Val,missense (2 ≤ MPC < 3),1,48496,1,194644,0.000020620257340811613,0.000005137584513265243,0,,,yes
9-130420669-A-G,p.Asn62Ser,missense (MPC < 2),0,48496,1,194644,0,0.000005137584513265243,0,,,
9-130420674-C-T,p.Arg64Cys,missense (MPC < 2),2,48496,1,194644,0.000041240514681623226,0.000005137584513265243,0,,,
9-130420675-G-A,p.Arg64His,missense (MPC < 2),0,48496,1,194644,0,0.000005137584513265243,0,,,
9-130420684-C-T,p.Pro67Leu,missense (MPC < 2),0,48496,1,194644,0,0.000005137584513265243,0,,,
9-130420690-C-T,p.Pro69Leu,missense (MPC < 2),0,48496,1,194644,0,0.000005137584513265243,0,,,
9-130420693-G-C,p.Ser70Thr,missense (MPC < 2),0,48496,1,194644,0,0.000005137584513265243,0,,,
9-130420710-C-G,p.Leu76Val,missense (MPC < 2),0,48496,1,194644,0,0.000005137584513265243,0,,,
9-130420719-C-G,p.Pro79Ala,missense (MPC < 2),0,48496,1,194644,0,0.000005137584513265243,0,,,
9-130422316-A-G,p.His85Arg,missense (MPC < 2),0,48496,1,194644,0,0.000005137584513265243,0,,,
9-130422333-T-C,p.Phe91Leu,missense (2 ≤ MPC < 3),0,48496,1,194644,0,0.000005137584513265243,0,,,yes
9-130422346-C-T,p.Pro95Leu,missense (MPC < 2),1,48496,1,194644,0.000020620257340811613,0.000005137584513265243,0,,,
9-130423386-C-T,p.Pro111Ser,missense (2 ≤ MPC < 3),0,48496,1,194644,0,0.000005137584513265243,0,,,yes
9-130423392-G-A,p.Ala113Thr,missense (MPC < 2),0,48496,1,194644,0,0.000005137584513265243,0,,,
9-130423420-G-A,p.Arg122Gln,missense (2 ≤ MPC < 3),0,48496,1,194644,0,0.000005137584513265243,0,,,yes
9-130425538-G-A,p.Ala162Thr,missense (MPC < 2),0,48496,1,194644,0,0.000005137584513265243,0,,,
9-130425559-C-A,p.Leu169Met,missense (MPC < 2),1,48496,1,194644,0.000020620257340811613,0.000005137584513265243,0,,,
9-130425565-C-T,p.Arg171Cys,missense (2 ≤ MPC < 3),0,48496,1,194644,0,0.000005137584513265243,0,,,yes
9-130425596-C-A,p.Ala181Asp,missense (2 ≤ MPC < 3),0,48496,1,194644,0,0.000005137584513265243,0,,,yes
9-130425629-G-A,p.Arg192Gln,missense (2 ≤ MPC < 3),0,48496,1,194644,0,0.000005137584513265243,0,,,yes
9-130427529-A-C,p.Glu194Asp,missense (MPC < 2),1,48496,1,194644,0.000020620257340811613,0.000005137584513265243,0,,,
9-130428448-C-T,p.Pro223Ser,missense (2 ≤ MPC < 3),1,48496,1,194644,0.000020620257340811613,0.000005137584513265243,0,,,yes
9-130428460-C-T,p.Arg227Cys,missense (MPC < 2),0,48496,1,194644,0,0.000005137584513265243,0,,,
9-130428500-G-C,p.Ser240Thr,missense (MPC < 2),0,48496,1,194644,0,0.000005137584513265243,0,,,
9-130428559-G-A,p.Glu260Lys,missense (2 ≤ MPC < 3),0,48496,1,194644,0,0.000005137584513265243,0,,,yes
9-130430375-A-G,p.Ile271Val,missense (MPC < 2),0,48496,1,194644,0,0.000005137584513265243,0,,,
9-130430378-G-A,p.Gly272Arg,missense (2 ≤ MPC < 3),0,48496,1,194644,0,0.000005137584513265243,0,,,yes
9-130430387-C-G,p.Arg275Gly,missense (2 ≤ MPC < 3),0,48496,1,194644,0,0.000005137584513265243,0,,,yes
9-130430387-C-T,p.Arg275Trp,missense (2 ≤ MPC < 3),0,48496,1,194644,0,0.000005137584513265243,0,,,yes
9-130430394-A-G,p.Lys277Arg,missense (MPC < 2),0,48496,1,194644,0,0.000005137584513265243,0,,,
9-130430419-C-G,p.Asp285Glu,missense (MPC < 2),0,48496,1,194644,0,0.000005137584513265243,0,,,
9-130430420-G-A,p.Asp286Asn,missense (2 ≤ MPC < 3),1,48496,1,194644,0.000020620257340811613,0.000005137584513265243,0,,,yes
9-130432216-G-C,p.Lys314Asn,missense (2 ≤ MPC < 3),0,48496,1,194644,0,0.000005137584513265243,0,,,yes
9-130432226-A-G,p.Thr318Ala,missense (MPC < 2),0,48496,1,194644,0,0.000005137584513265243,0,,,
9-130434348-T-A,p.Ser328Thr,missense (MPC < 2),0,48496,1,194644,0,0.000005137584513265243,0,,,
9-130434379-A-G,p.Gln338Arg,missense (MPC < 2),0,48496,1,194644,0,0.000005137584513265243,0,,,
9-130434391-G-A,p.Ser342Asn,missense (2 ≤ MPC < 3),0,48496,1,194644,0,0.000005137584513265243,0,,,yes
9-130435517-G-A,p.Asp363Asn,missense (MPC < 2),0,48496,1,194644,0,0.000005137584513265243,0,,,
9-130435521-A-G,p.Lys364Arg,missense (MPC < 2),0,48496,1,194644,0,0.000005137584513265243,0,,,
9-130435523-C-G,p.Leu365Val,missense (MPC < 2),0,48496,1,194644,0,0.000005137584513265243,0,,,
9-130438135-G-A,p.Arg388Gln,missense (2 ≤ MPC < 3),0,48496,1,194644,0,0.000005137584513265243,0,,,yes
9-130438174-C-T,p.Thr401Ile,missense (MPC < 2),0,48496,1,194644,0,0.000005137584513265243,0,,,
9-130438206-A-G,p.Ile412Val,missense (2 ≤ MPC < 3),0,48496,1,194644,0,0.000005137584513265243,0,,,yes
9-130438213-T-C,p.Leu414Ser,missense (2 ≤ MPC < 3),0,48496,1,194644,0,0.000005137584513265243,0,,,yes
9-130438925-A-G,p.Ile418Val,missense (MPC < 2),0,48496,1,194644,0,0.000005137584513265243,0,,,
9-130438940-C-G,p.Leu423Val,missense (2 ≤ MPC < 3),0,48496,1,194644,0,0.000005137584513265243,0,,,yes
9-130438954-C-G,p.Ile427Met,missense (MPC < 2),0,48496,1,194644,0,0.000005137584513265243,0,,,
9-130438980-A-G,p.Asp436Gly,missense (2 ≤ MPC < 3),0,48496,1,194644,0,0.000005137584513265243,0,,,yes
9-130438984-T-G,p.Ser437Arg,missense (2 ≤ MPC < 3),0,48496,1,194644,0,0.000005137584513265243,0,,,yes
9-130438995-C-T,p.Thr441Ile,missense (2 ≤ MPC < 3),0,48496,1,194644,0,0.000005137584513265243,0,,,yes
9-130439015-G-A,p.Val448Met,missense (MPC < 2),0,48496,1,194644,0,0.000005137584513265243,0,,,
9-130439030-G-A,p.Asp453Asn,missense (MPC < 2),0,48496,1,194644,0,0.000005137584513265243,0,,,
9-130442443-T-C,p.Ile490Thr,missense (MPC < 2),0,48496,1,194644,0,0.000005137584513265243,0,,,
9-130442460-A-G,p.Thr496Ala,missense (MPC < 2),0,48496,1,194644,0,0.000005137584513265243,0,,,
9-130442476-A-G,p.Tyr501Cys,missense (2 ≤ MPC < 3),0,48496,1,194644,0,0.000005137584513265243,0,,,yes
9-130442496-G-A,p.Ala508Thr,missense (MPC < 2),0,48496,1,194644,0,0.000005137584513265243,0,,,
9-130442514-G-A,p.Ala514Thr,missense (MPC < 2),0,48496,1,194644,0,0.000005137584513265243,0,,,
9-130444687-C-T,p.Ala517Val,missense (2 ≤ MPC < 3),0,48496,1,194644,0,0.000005137584513265243,0,,,yes
9-130444689-C-T,p.Arg518Cys,missense (2 ≤ MPC < 3),0,48496,1,194644,0,0.000005137584513265243,0,,,yes
9-130444696-G-T,p.Gly520Val,missense (2 ≤ MPC < 3),0,48496,1,194644,0,0.000005137584513265243,0,,,yes
9-130444711-A-T,p.Asn525Ile,missense (2 ≤ MPC < 3),0,48496,1,194644,0,0.000005137584513265243,0,,,yes
9-130444716-G-A,p.Ala527Thr,missense (MPC < 2),0,48496,1,194644,0,0.000005137584513265243,0,,,
9-130444725-G-A,p.Glu530Lys,missense (2 ≤ MPC < 3),1,48496,1,194644,0.000020620257340811613,0.000005137584513265243,0,,,yes
9-130444743-C-T,p.Arg536Cys,missense (2 ≤ MPC < 3),0,48496,1,194644,0,0.000005137584513265243,0,,,yes
9-130444761-C-G,p.Leu542Val,missense (MPC < 2),0,48496,1,194644,0,0.000005137584513265243,0,,,
9-130444777-T-C,p.Leu547Pro,missense (2 ≤ MPC < 3),0,48496,1,194644,0,0.000005137584513265243,0,,,yes
9-130444794-G-A,p.Ala553Thr,missense (MPC < 2),0,48496,1,194644,0,0.000005137584513265243,0,,,
9-130444809-C-A,p.Gln558Lys,missense (2 ≤ MPC < 3),1,48496,1,194644,0.000020620257340811613,0.000005137584513265243,0,,,yes
9-130446721-G-T,p.Val593Leu,missense (MPC < 2),0,48496,1,194644,0,0.000005137584513265243,0,,,
9-130446727-T-G,p.Phe595Val,missense (MPC < 2),0,48496,1,194644,0,0.000005137584513265243,0,,,
9-130446728-T-G,p.Phe595Cys,missense (2 ≤ MPC < 3),0,48496,1,194644,0,0.000005137584513265243,0,,,yes
9-130446733-G-A,p.Asp597Asn,missense (MPC < 2),0,48496,1,194644,0,0.000005137584513265243,0,,,
9-130423474-A-G,p.Tyr140Cys,missense (2 ≤ MPC < 3),1,48496,0,194644,0.000020620257340811613,0,0,,,yes
9-130425601-C-G,p.Leu183Val,missense (2 ≤ MPC < 3),1,48496,0,194644,0.000020620257340811613,0,0,,,yes
9-130427606-G-A,p.Gly220Glu,missense (2 ≤ MPC < 3),1,48496,0,194644,0.000020620257340811613,0,0,,,yes
9-130428461-G-A,p.Arg227His,missense (2 ≤ MPC < 3),1,48496,0,194644,0.000020620257340811613,0,0,,,yes
9-130428569-T-C,p.Val263Ala,missense (2 ≤ MPC < 3),1,48496,0,194644,0.000020620257340811613,0,0,,,yes
9-130428572-A-G,p.Tyr264Cys,missense (2 ≤ MPC < 3),1,48496,0,194644,0.000020620257340811613,0,0,,,yes
9-130430367-C-A,p.Thr268Asn,missense (2 ≤ MPC < 3),1,48496,0,194644,0.000020620257340811613,0,0,,,yes
9-130430372-G-A,p.Gly270Ser,missense (MPC < 2),1,48496,0,194644,0.000020620257340811613,0,0,,,
9-130430388-G-A,p.Arg275Gln,missense (MPC < 2),1,48496,0,194644,0.000020620257340811613,0,0,,,
9-130432193-C-G,p.Leu307Val,missense (MPC < 2),1,48496,0,194644,0.000020620257340811613,0,0,,,
9-130432202-T-C,p.Phe310Leu,missense (MPC < 2),1,48496,0,194644,0.000020620257340811613,0,0,,,
9-130435499-C-A,p.His357Asn,missense (MPC < 2),1,48496,0,194644,0.000020620257340811613,0,0,,,
9-130438143-G-A,p.Val391Ile,missense (MPC < 2),1,48496,0,194644,0.000020620257340811613,0,0,,,
9-130439004-C-G,p.Ala444Gly,missense (MPC < 2),1,48496,0,194644,0.000020620257340811613,0,0,,,
9-130442488-G-T,p.Arg505Leu,missense (2 ≤ MPC < 3),1,48496,0,194644,0.000020620257340811613,0,0,,,yes
9-130444761-C-T,p.Leu542Phe,missense (MPC < 2),1,48496,0,194644,0.000020620257340811613,0,0,,,
9-130444791-T-A,p.Cys552Ser,missense (2 ≤ MPC < 3),1,48496,0,194644,0.000020620257340811613,0,0,,,yes
9-130444818-G-A,p.Gly561Arg,missense (2 ≤ MPC < 3),1,48496,0,194644,0.000020620257340811613,0,0,,,yes
9-130446709-G-A,p.Glu589Lys,missense (MPC < 2),1,48496,0,194644,0.000020620257340811613,0,0,,,
