WT	Pos	A	C	D	E	F	G	H	I	K	L	M	N	P	Q	R	S	T	V	W	Y
P	3	0.03	0.03	0.04	0.03	0.07	0.16	0.05	0.1	0.03	0.11	0.07	0.06	0.01	0.02	0.05	0.02	0.03	0.07	0.1	0.09
I	4	0.05	0.05	0.23	0.15	0.03	0.03	0.03	0.02	0.1	0.03	0.0	0.17	0.07	0.07	0.05	0.04	0.08	0.02	0.05	0.02
G	5	0.03	0.04	0.02	0.04	0.16	0.02	0.05	0.15	0.04	0.15	0.1	0.03	0.12	0.04	0.05	0.0	0.06	0.09	0.15	0.1
L	6	0.64	0.5	0.97	0.96	0.16	0.9	0.86	0.27	0.93	0.04	0.22	0.92	0.89	0.91	0.92	0.87	0.71	0.23	0.63	0.69
K	7	0.35	0.47	0.32	0.23	0.36	0.43	0.15	0.12	0.05	0.43	0.4	0.25	0.5	0.2	0.06	0.3	0.25	0.37	0.55	0.48
A	8	0.02	0.09	0.02	0.01	0.17	0.05	0.03	0.17	0.02	0.16	0.09	0.01	0.04	0.01	0.04	0.02	0.03	0.09	0.14	0.08
V	9	0.21	0.15	0.57	0.4	0.23	0.5	0.33	0.07	0.51	0.1	0.2	0.25	0.55	0.23	0.48	0.41	0.18	0.07	0.16	0.22
V	10	0.54	0.14	0.91	0.87	0.46	0.73	0.69	0.37	0.85	0.36	0.41	0.79	0.85	0.34	0.84	0.64	0.34	0.1	0.58	0.58
G	11	0.2	0.31	0.19	0.15	0.18	0.05	0.1	0.43	0.07	0.48	0.3	0.11	0.33	0.11	0.02	0.16	0.15	0.36	0.02	0.3
E	12	0.09	0.2	0.03	0.04	0.14	0.12	0.06	0.29	0.04	0.24	0.06	0.05	0.14	0.01	0.05	0.07	0.05	0.19	0.23	0.16
K	13	0.41	0.47	0.3	0.23	0.77	0.5	0.34	0.76	0.12	0.75	0.61	0.25	0.57	0.2	0.08	0.25	0.29	0.68	0.72	0.31
I	14	0.74	0.58	0.97	0.95	0.41	0.84	0.82	0.15	0.89	0.39	0.42	0.89	0.91	0.91	0.43	0.84	0.72	0.53	0.7	0.59
M	15	0.77	0.57	0.98	0.97	0.39	0.91	0.88	0.41	0.77	0.37	0.22	0.93	0.94	0.91	0.91	0.89	0.77	0.48	0.76	0.4
H	16	0.09	0.19	0.08	0.08	0.14	0.09	0.07	0.23	0.06	0.08	0.24	0.02	0.27	0.05	0.1	0.11	0.11	0.14	0.35	0.19
D	17	0.18	0.63	0.09	0.07	0.72	0.19	0.21	0.72	0.2	0.72	0.55	0.15	0.57	0.25	0.33	0.24	0.29	0.62	0.56	0.58
V	18	0.64	0.57	0.97	0.94	0.55	0.89	0.82	0.37	0.88	0.5	0.12	0.91	0.97	0.88	0.91	0.72	0.46	0.16	0.44	0.66
I	19	0.85	0.78	0.99	0.98	0.27	0.96	0.94	0.15	0.98	0.41	0.52	0.97	0.98	0.96	0.96	0.95	0.89	0.49	0.75	0.85
K	20	0.31	0.49	0.1	0.14	0.41	0.18	0.1	0.62	0.08	0.53	0.46	0.16	0.48	0.15	0.04	0.25	0.23	0.49	0.59	0.5
K	21	0.15	0.36	0.09	0.17	0.59	0.23	0.15	0.56	0.1	0.57	0.34	0.14	0.07	0.09	0.21	0.04	0.18	0.45	0.5	0.13
V	22	0.56	0.1	0.9	0.9	0.5	0.39	0.69	0.3	0.6	0.34	0.44	0.73	0.89	0.82	0.81	0.68	0.35	0.14	0.56	0.54
K	23	0.28	0.54	0.24	0.16	0.59	0.63	0.19	0.48	0.07	0.58	0.43	0.19	0.35	0.14	0.07	0.22	0.24	0.4	0.47	0.43
K	24	0.14	0.34	0.33	0.13	0.38	0.09	0.16	0.37	0.06	0.55	0.4	0.16	0.11	0.11	0.21	0.16	0.17	0.42	0.51	0.45
K	25	0.08	0.29	0.08	0.05	0.38	0.2	0.12	0.29	0.05	0.33	0.14	0.1	0.09	0.04	0.05	0.09	0.08	0.2	0.28	0.21
G	26	0.48	0.73	0.26	0.32	0.81	0.12	0.39	0.82	0.34	0.61	0.59	0.15	0.83	0.31	0.38	0.24	0.52	0.68	0.76	0.68
E	27	0.38	0.23	0.4	0.14	0.84	0.27	0.4	0.82	0.3	0.79	0.72	0.4	0.89	0.18	0.24	0.36	0.38	0.73	0.84	0.8
W	28	0.99	0.98	1.0	1.0	0.98	1.0	1.0	0.97	1.0	0.98	0.98	1.0	1.0	0.99	0.99	1.0	0.99	0.97	0.18	0.95
K	29	0.87	0.94	0.83	0.76	0.92	0.63	0.73	0.95	0.35	0.92	0.84	0.73	0.94	0.81	0.53	0.78	0.9	0.97	0.96	0.89
V	30	0.85	0.71	0.98	0.98	0.77	0.97	0.88	0.35	0.97	0.74	0.73	0.93	0.99	0.96	0.96	0.93	0.79	0.28	0.85	0.75
L	31	0.99	0.97	1.0	1.0	0.94	1.0	1.0	0.89	1.0	0.43	0.58	1.0	1.0	1.0	1.0	1.0	0.99	0.91	0.99	0.98
V	32	0.97	0.93	1.0	1.0	0.97	0.99	1.0	0.3	1.0	0.69	0.91	0.99	1.0	1.0	1.0	0.99	0.97	0.22	0.99	0.99
V	33	0.71	0.54	0.97	0.97	0.8	0.59	0.79	0.48	0.95	0.34	0.24	0.93	0.94	0.94	0.89	0.86	0.8	0.28	0.77	0.74
D	34	0.99	1.0	0.22	0.96	1.0	0.99	0.99	1.0	0.99	1.0	1.0	0.97	0.97	0.99	1.0	0.99	0.99	1.0	1.0	1.0
Q	35	0.3	0.71	0.2	0.2	0.76	0.57	0.22	0.8	0.15	0.75	0.38	0.22	0.47	0.18	0.23	0.37	0.31	0.7	0.76	0.68
L	36	0.52	0.63	0.44	0.46	0.21	0.6	0.18	0.62	0.42	0.27	0.5	0.39	0.49	0.4	0.26	0.53	0.4	0.42	0.73	0.29
S	37	0.23	0.19	0.82	0.77	0.58	0.66	0.67	0.51	0.73	0.57	0.37	0.71	0.83	0.72	0.76	0.18	0.1	0.33	0.65	0.64
M	38	0.69	0.76	0.91	0.86	0.8	0.9	0.76	0.76	0.79	0.55	0.17	0.85	0.93	0.75	0.84	0.86	0.35	0.61	0.84	0.77
R	39	0.48	0.81	0.57	0.48	0.85	0.71	0.36	0.88	0.22	0.89	0.78	0.51	0.65	0.47	0.15	0.51	0.57	0.68	0.86	0.68
M	40	0.83	0.7	0.98	0.98	0.76	0.93	0.63	0.28	0.97	0.56	0.21	0.94	0.95	0.96	0.96	0.86	0.82	0.43	0.81	0.75
L	41	0.98	0.94	1.0	1.0	0.89	0.99	0.99	0.36	1.0	0.26	0.42	1.0	0.99	1.0	1.0	0.99	0.97	0.43	0.97	0.98
S	42	0.25	0.66	0.26	0.26	0.74	0.47	0.32	0.69	0.2	0.73	0.56	0.15	0.61	0.24	0.36	0.05	0.22	0.62	0.69	0.5
S	43	0.09	0.37	0.33	0.25	0.37	0.47	0.12	0.52	0.22	0.51	0.4	0.16	0.53	0.18	0.27	0.06	0.17	0.45	0.55	0.15
C	44	0.74	0.06	0.99	0.99	0.81	0.89	0.94	0.84	0.98	0.82	0.84	0.95	0.99	0.97	0.98	0.88	0.88	0.64	0.91	0.89
C	45	0.93	0.1	1.0	0.99	0.66	0.96	0.96	0.75	0.99	0.77	0.7	0.99	1.0	0.98	0.99	0.99	0.96	0.85	0.93	0.94
K	46	0.53	0.81	0.64	0.46	0.85	0.79	0.57	0.81	0.09	0.81	0.73	0.4	0.75	0.4	0.2	0.48	0.56	0.73	0.78	0.75
M	47	0.87	0.81	0.97	0.9	0.8	0.94	0.9	0.78	0.92	0.58	0.09	0.89	0.95	0.9	0.93	0.91	0.72	0.66	0.86	0.86
T	48	0.13	0.52	0.15	0.16	0.29	0.38	0.03	0.57	0.16	0.58	0.36	0.15	0.27	0.11	0.18	0.07	0.07	0.48	0.52	0.07
D	49	0.96	0.99	0.09	0.43	0.99	0.92	0.9	0.99	0.94	0.99	0.99	0.76	0.96	0.79	0.97	0.93	0.95	0.99	0.99	0.98
I	50	0.97	0.92	1.0	0.99	0.73	0.99	0.99	0.23	0.99	0.46	0.86	0.99	0.99	0.99	0.99	0.99	0.95	0.54	0.96	0.96
M	51	0.4	0.3	0.85	0.8	0.35	0.72	0.57	0.18	0.75	0.1	0.07	0.66	0.44	0.7	0.54	0.31	0.13	0.26	0.45	0.44
T	52	0.02	0.15	0.01	0.01	0.24	0.1	0.05	0.13	0.03	0.2	0.12	0.02	0.13	0.02	0.05	0.02	0.04	0.15	0.19	0.13
E	53	0.53	0.54	0.72	0.15	0.78	0.88	0.34	0.84	0.58	0.66	0.58	0.63	0.91	0.44	0.63	0.72	0.71	0.82	0.84	0.68
G	54	0.81	0.92	0.82	0.71	0.95	0.05	0.74	0.96	0.72	0.94	0.9	0.4	0.99	0.73	0.67	0.81	0.84	0.94	0.93	0.9
I	55	0.91	0.91	1.0	1.0	0.96	1.0	1.0	0.11	1.0	0.87	0.81	0.99	0.99	1.0	1.0	0.99	0.97	0.19	0.99	0.99
T	56	0.42	0.31	0.44	0.4	0.57	0.78	0.54	0.77	0.48	0.72	0.63	0.52	0.8	0.27	0.6	0.3	0.11	0.77	0.79	0.79
I	57	0.49	0.27	0.83	0.83	0.6	0.14	0.51	0.15	0.73	0.19	0.34	0.6	0.84	0.39	0.65	0.44	0.49	0.3	0.55	0.56
V	58	0.91	0.86	0.99	0.99	0.88	0.96	0.98	0.28	0.99	0.63	0.82	0.98	0.99	0.99	0.99	0.97	0.93	0.12	0.97	0.98
E	59	0.91	0.98	0.48	0.09	0.99	0.56	0.77	0.98	0.84	0.97	0.95	0.77	0.95	0.67	0.84	0.86	0.94	0.98	0.98	0.93
D	60	0.68	0.85	0.12	0.52	0.92	0.8	0.5	0.86	0.36	0.79	0.71	0.21	0.76	0.38	0.44	0.47	0.7	0.69	0.87	0.85
I	61	0.97	0.96	1.0	1.0	0.88	1.0	0.99	0.13	1.0	0.22	0.63	1.0	1.0	0.99	1.0	1.0	0.98	0.74	0.97	0.97
N	62	0.28	0.47	0.23	0.07	0.18	0.57	0.11	0.61	0.22	0.56	0.47	0.07	0.67	0.17	0.29	0.29	0.13	0.41	0.59	0.09
K	63	0.19	0.11	0.14	0.11	0.44	0.57	0.18	0.4	0.03	0.13	0.11	0.13	0.82	0.13	0.13	0.17	0.2	0.3	0.43	0.34
R	64	0.08	0.28	0.16	0.07	0.45	0.43	0.11	0.33	0.05	0.39	0.28	0.05	0.19	0.08	0.03	0.15	0.1	0.26	0.35	0.2
R	65	0.94	0.99	0.99	0.97	1.0	0.97	0.94	0.99	0.78	0.99	0.98	0.98	1.0	0.93	0.12	0.98	0.98	0.99	0.98	0.95
E	66	0.35	0.67	0.36	0.06	0.75	0.78	0.39	0.66	0.21	0.7	0.59	0.31	0.69	0.08	0.33	0.3	0.41	0.58	0.66	0.61
P	67	0.35	0.59	0.46	0.25	0.64	0.76	0.39	0.51	0.19	0.34	0.38	0.35	0.04	0.26	0.37	0.48	0.41	0.43	0.59	0.52
L	68	0.2	0.25	0.68	0.43	0.12	0.12	0.18	0.07	0.41	0.07	0.13	0.25	0.63	0.19	0.65	0.23	0.29	0.22	0.1	0.37
P	69	0.12	0.42	0.24	0.11	0.48	0.51	0.2	0.4	0.13	0.35	0.26	0.15	0.02	0.08	0.07	0.19	0.17	0.34	0.4	0.37
S	70	0.08	0.31	0.06	0.04	0.2	0.2	0.07	0.31	0.05	0.22	0.16	0.05	0.4	0.03	0.04	0.03	0.05	0.24	0.28	0.22
L	71	0.31	0.18	0.86	0.64	0.16	0.43	0.34	0.21	0.43	0.07	0.01	0.69	0.89	0.38	0.57	0.35	0.16	0.17	0.24	0.3
E	72	0.42	0.75	0.11	0.1	0.83	0.7	0.17	0.82	0.23	0.79	0.65	0.19	0.59	0.29	0.46	0.38	0.36	0.74	0.78	0.71
A	73	0.06	0.35	0.89	0.87	0.84	0.33	0.8	0.84	0.77	0.82	0.78	0.78	0.94	0.84	0.89	0.74	0.44	0.61	0.91	0.92
V	74	0.76	0.52	0.99	0.98	0.8	0.91	0.94	0.06	0.98	0.29	0.57	0.96	0.98	0.97	0.98	0.95	0.88	0.19	0.94	0.95
Y	75	1.0	0.96	1.0	1.0	0.89	1.0	0.99	1.0	1.0	1.0	1.0	1.0	1.0	1.0	1.0	1.0	1.0	1.0	0.94	0.25
L	76	0.89	0.84	0.99	0.99	0.07	0.93	0.95	0.28	0.98	0.12	0.46	0.96	0.99	0.97	0.98	0.96	0.91	0.77	0.93	0.91
I	77	0.91	0.83	0.99	0.99	0.86	0.89	0.96	0.07	0.99	0.2	0.32	0.99	0.98	0.98	0.97	0.97	0.95	0.4	0.93	0.94
T	78	0.2	0.48	0.44	0.3	0.74	0.83	0.39	0.66	0.37	0.63	0.41	0.44	0.82	0.21	0.3	0.23	0.13	0.6	0.69	0.65
P	79	0.71	0.57	0.91	0.88	0.92	0.77	0.85	0.92	0.89	0.92	0.88	0.73	0.05	0.86	0.89	0.69	0.84	0.87	0.93	0.93
S	80	0.06	0.0	0.04	0.02	0.1	0.23	0.05	0.06	0.04	0.06	0.06	0.05	0.49	0.03	0.04	0.03	0.0	0.02	0.09	0.07
E	81	0.08	0.32	0.07	0.04	0.42	0.11	0.11	0.29	0.04	0.21	0.28	0.09	0.06	0.06	0.07	0.08	0.07	0.18	0.36	0.25
K	82	0.05	0.24	0.03	0.01	0.27	0.14	0.03	0.33	0.03	0.32	0.2	0.07	0.15	0.03	0.09	0.07	0.06	0.24	0.22	0.09
S	83	0.35	0.18	0.39	0.29	0.37	0.45	0.29	0.22	0.3	0.4	0.27	0.04	0.53	0.29	0.37	0.03	0.24	0.24	0.06	0.24
V	84	0.64	0.38	0.95	0.93	0.21	0.8	0.72	0.07	0.86	0.28	0.19	0.83	0.85	0.84	0.86	0.76	0.56	0.04	0.43	0.49
H	85	0.09	0.26	0.02	0.02	0.24	0.13	0.04	0.28	0.05	0.36	0.21	0.04	0.23	0.04	0.05	0.08	0.05	0.18	0.31	0.24
S	86	0.01	0.0	0.08	0.06	0.02	0.04	0.04	0.01	0.03	0.01	0.01	0.04	0.09	0.02	0.01	0.02	0.02	0.02	0.03	0.02
L	87	0.81	0.61	0.98	0.97	0.08	0.92	0.9	0.11	0.96	0.04	0.12	0.95	0.92	0.93	0.94	0.91	0.78	0.1	0.59	0.75
I	88	0.16	0.2	0.79	0.73	0.18	0.58	0.48	0.04	0.66	0.1	0.04	0.57	0.67	0.6	0.69	0.52	0.32	0.14	0.31	0.3
S	89	0.02	0.09	0.02	0.02	0.16	0.05	0.03	0.12	0.01	0.09	0.08	0.01	0.08	0.01	0.0	0.02	0.03	0.1	0.13	0.09
D	90	0.64	0.38	0.05	0.49	0.82	0.75	0.41	0.79	0.55	0.8	0.7	0.57	0.77	0.55	0.63	0.64	0.6	0.6	0.8	0.48
F	91	0.83	0.23	0.98	0.86	0.05	0.6	0.88	0.51	0.96	0.61	0.28	0.95	0.97	0.9	0.88	0.83	0.81	0.61	0.27	0.62
K	92	0.01	0.05	0.04	0.01	0.21	0.08	0.05	0.09	0.02	0.15	0.09	0.04	0.06	0.03	0.03	0.02	0.03	0.12	0.15	0.13
D	93	0.06	0.19	0.04	0.03	0.14	0.01	0.03	0.13	0.03	0.2	0.14	0.03	0.06	0.03	0.05	0.04	0.04	0.19	0.18	0.11
P	94	0.12	0.34	0.14	0.09	0.41	0.07	0.12	0.17	0.04	0.44	0.29	0.09	0.04	0.08	0.06	0.1	0.06	0.16	0.38	0.27
P	95	0.03	0.12	0.03	0.02	0.11	0.06	0.01	0.08	0.01	0.08	0.07	0.02	0.04	0.02	0.02	0.01	0.02	0.1	0.13	0.1
T	96	0.05	0.1	0.05	0.03	0.24	0.02	0.02	0.28	0.02	0.31	0.16	0.01	0.19	0.04	0.01	0.03	0.03	0.12	0.22	0.13
A	97	0.02	0.03	0.05	0.02	0.04	0.12	0.02	0.03	0.03	0.07	0.06	0.01	0.0	0.02	0.02	0.04	0.02	0.06	0.08	0.06
K	98	0.15	0.37	0.21	0.08	0.41	0.46	0.12	0.32	0.05	0.08	0.02	0.14	0.41	0.05	0.03	0.2	0.09	0.15	0.35	0.31
Y	99	1.0	1.0	1.0	1.0	0.95	0.99	0.86	1.0	1.0	1.0	1.0	1.0	1.0	1.0	1.0	0.99	1.0	1.0	0.95	0.19
R	100	0.1	0.53	0.26	0.15	0.59	0.42	0.26	0.3	0.04	0.42	0.35	0.21	0.61	0.15	0.04	0.25	0.28	0.44	0.41	0.46
A	101	0.05	0.08	0.21	0.14	0.57	0.13	0.39	0.76	0.11	0.59	0.47	0.22	0.6	0.2	0.11	0.15	0.37	0.45	0.6	0.48
A	102	0.06	0.39	0.53	0.67	0.29	0.32	0.47	0.31	0.65	0.44	0.39	0.44	0.87	0.61	0.63	0.57	0.54	0.2	0.64	0.51
H	103	0.91	0.96	0.9	0.94	0.91	0.92	0.19	0.98	0.91	0.97	0.94	0.87	0.99	0.93	0.92	0.94	0.96	0.97	0.98	0.82
V	104	0.9	0.85	0.99	0.99	0.9	0.93	0.98	0.29	0.99	0.24	0.78	0.98	0.99	0.99	0.99	0.98	0.93	0.13	0.97	0.98
F	105	0.98	0.95	1.0	1.0	0.36	0.95	0.99	0.92	0.99	0.9	0.92	0.99	0.99	0.99	0.99	0.99	0.98	0.97	0.98	0.79
F	106	0.99	0.96	1.0	1.0	0.46	1.0	0.99	0.95	1.0	0.94	0.97	0.99	1.0	1.0	1.0	0.99	0.97	0.96	0.86	0.98
T	107	0.64	0.58	0.91	0.81	0.54	0.92	0.69	0.27	0.81	0.29	0.29	0.74	0.92	0.77	0.81	0.45	0.11	0.36	0.6	0.63
D	108	0.18	0.25	0.11	0.12	0.7	0.06	0.25	0.62	0.23	0.63	0.48	0.24	0.58	0.23	0.13	0.1	0.3	0.54	0.32	0.28
S	109	0.05	0.34	0.19	0.1	0.08	0.29	0.05	0.33	0.09	0.36	0.26	0.13	0.11	0.12	0.09	0.07	0.09	0.17	0.34	0.25
C	110	0.89	0.1	0.99	0.98	0.82	0.99	0.95	0.5	0.95	0.45	0.77	0.97	0.94	0.97	0.95	0.96	0.91	0.53	0.85	0.87
P	111	0.53	0.76	0.29	0.44	0.81	0.76	0.55	0.82	0.47	0.83	0.72	0.53	0.08	0.39	0.58	0.35	0.47	0.77	0.79	0.78
D	112	0.32	0.71	0.06	0.2	0.79	0.45	0.41	0.78	0.21	0.78	0.57	0.21	0.31	0.29	0.28	0.33	0.42	0.68	0.72	0.66
A	113	0.06	0.28	0.06	0.02	0.18	0.07	0.09	0.31	0.06	0.36	0.23	0.08	0.03	0.03	0.08	0.04	0.1	0.28	0.31	0.11
L	114	0.6	0.55	0.94	0.91	0.58	0.88	0.6	0.42	0.9	0.11	0.42	0.87	0.89	0.81	0.87	0.81	0.62	0.48	0.56	0.66
F	115	0.83	0.74	0.98	0.95	0.16	0.94	0.92	0.67	0.96	0.43	0.57	0.95	0.75	0.95	0.88	0.92	0.84	0.52	0.84	0.82
N	116	0.31	0.67	0.22	0.25	0.64	0.48	0.33	0.82	0.29	0.81	0.67	0.08	0.67	0.22	0.22	0.33	0.42	0.72	0.78	0.71
E	117	0.22	0.43	0.13	0.07	0.48	0.3	0.12	0.35	0.05	0.33	0.19	0.15	0.26	0.07	0.07	0.2	0.15	0.24	0.5	0.25
L	118	0.93	0.82	0.99	0.99	0.69	0.97	0.7	0.22	0.98	0.26	0.47	0.97	0.97	0.98	0.98	0.96	0.9	0.66	0.89	0.9
V	119	0.02	0.0	0.02	0.03	0.19	0.04	0.04	0.08	0.01	0.19	0.09	0.03	0.12	0.03	0.02	0.03	0.02	0.08	0.07	0.12
K	120	0.27	0.36	0.31	0.24	0.76	0.38	0.1	0.43	0.09	0.76	0.55	0.17	0.47	0.18	0.25	0.22	0.26	0.59	0.71	0.63
S	121	0.4	0.26	0.36	0.27	0.69	0.63	0.2	0.71	0.33	0.64	0.6	0.29	0.69	0.29	0.42	0.11	0.28	0.61	0.68	0.63
R	122	0.15	0.18	0.15	0.1	0.4	0.19	0.14	0.25	0.09	0.13	0.22	0.09	0.04	0.09	0.07	0.04	0.06	0.24	0.04	0.27
A	123	0.08	0.04	0.48	0.38	0.38	0.26	0.36	0.39	0.31	0.41	0.3	0.23	0.19	0.34	0.37	0.33	0.3	0.22	0.5	0.42
A	124	0.06	0.17	0.35	0.19	0.1	0.17	0.13	0.07	0.21	0.06	0.04	0.22	0.34	0.1	0.12	0.09	0.13	0.04	0.2	0.19
K	125	0.32	0.59	0.16	0.2	0.6	0.36	0.14	0.56	0.06	0.7	0.51	0.15	0.11	0.1	0.2	0.18	0.23	0.58	0.64	0.55
V	126	0.05	0.11	0.17	0.09	0.03	0.04	0.06	0.16	0.04	0.13	0.1	0.1	0.7	0.08	0.01	0.07	0.12	0.09	0.1	0.01
I	127	0.78	0.55	0.97	0.96	0.66	0.94	0.86	0.15	0.93	0.29	0.54	0.88	0.93	0.92	0.91	0.72	0.79	0.45	0.71	0.78
K	128	0.6	0.85	0.67	0.56	0.9	0.56	0.65	0.87	0.22	0.56	0.71	0.55	0.94	0.48	0.3	0.68	0.61	0.76	0.89	0.88
T	129	0.26	0.35	0.6	0.44	0.62	0.16	0.4	0.75	0.47	0.81	0.73	0.22	0.81	0.25	0.43	0.46	0.15	0.73	0.83	0.83
L	130	0.88	0.17	0.99	0.98	0.24	0.76	0.92	0.62	0.95	0.28	0.53	0.96	0.96	0.97	0.97	0.91	0.87	0.74	0.8	0.88
T	131	0.16	0.48	0.15	0.13	0.66	0.06	0.1	0.31	0.02	0.35	0.12	0.16	0.43	0.07	0.06	0.13	0.17	0.35	0.49	0.43
E	132	0.83	0.82	0.74	0.16	0.93	0.92	0.8	0.92	0.73	0.94	0.89	0.77	0.92	0.67	0.8	0.81	0.77	0.89	0.94	0.86
I	133	0.95	0.91	1.0	1.0	0.75	0.97	0.98	0.28	0.99	0.53	0.56	0.99	1.0	0.99	0.99	0.99	0.97	0.74	0.95	0.96
N	134	0.82	0.93	0.75	0.74	0.78	0.92	0.4	0.95	0.73	0.94	0.9	0.16	0.96	0.68	0.73	0.82	0.86	0.92	0.9	0.6
I	135	0.78	0.5	0.99	0.99	0.82	0.78	0.75	0.3	0.97	0.57	0.63	0.97	0.98	0.96	0.97	0.95	0.88	0.6	0.79	0.87
A	136	0.11	0.63	0.06	0.14	0.75	0.64	0.23	0.78	0.28	0.71	0.57	0.07	0.72	0.26	0.37	0.23	0.46	0.72	0.68	0.61
F	137	0.97	0.92	1.0	1.0	0.21	0.96	0.95	0.87	0.99	0.89	0.81	0.99	1.0	0.99	0.98	0.99	0.98	0.95	0.92	0.54
L	138	0.59	0.39	0.93	0.85	0.11	0.88	0.47	0.21	0.87	0.18	0.26	0.74	0.95	0.78	0.83	0.73	0.39	0.21	0.05	0.43
P	139	0.37	0.61	0.93	0.93	0.68	0.94	0.87	0.75	0.92	0.81	0.73	0.87	0.09	0.89	0.92	0.83	0.82	0.74	0.87	0.88
Y	140	0.78	0.68	0.96	0.94	0.62	0.93	0.86	0.31	0.89	0.45	0.62	0.86	0.8	0.85	0.85	0.77	0.77	0.54	0.83	0.29
E	141	0.97	0.99	0.49	0.32	0.99	0.77	0.9	1.0	0.96	1.0	0.99	0.9	0.98	0.94	0.98	0.95	0.98	1.0	0.99	0.99
S	142	0.15	0.59	0.31	0.11	0.75	0.7	0.39	0.67	0.24	0.68	0.41	0.39	0.67	0.16	0.33	0.09	0.44	0.63	0.64	0.61
Q	143	0.73	0.35	0.63	0.52	0.89	0.16	0.36	0.87	0.63	0.87	0.74	0.47	0.9	0.1	0.18	0.54	0.71	0.86	0.69	0.61
V	144	0.15	0.2	0.9	0.79	0.19	0.06	0.44	0.09	0.77	0.2	0.27	0.61	0.78	0.63	0.74	0.47	0.4	0.09	0.41	0.32
Y	145	0.95	0.92	0.99	0.99	0.04	0.87	0.76	0.86	0.99	0.89	0.82	0.97	0.99	0.98	0.97	0.96	0.97	0.81	0.63	0.11
S	146	0.39	0.44	0.51	0.48	0.42	0.19	0.06	0.19	0.44	0.42	0.22	0.33	0.71	0.43	0.37	0.05	0.14	0.5	0.49	0.33
L	147	0.76	0.57	0.98	0.96	0.2	0.95	0.88	0.48	0.95	0.18	0.57	0.92	0.96	0.93	0.93	0.9	0.41	0.55	0.7	0.75
D	148	0.43	0.19	0.05	0.23	0.79	0.48	0.29	0.8	0.26	0.77	0.67	0.22	0.9	0.24	0.23	0.5	0.52	0.7	0.84	0.62
S	149	0.06	0.03	0.11	0.15	0.24	0.07	0.03	0.04	0.05	0.15	0.06	0.03	0.47	0.06	0.11	0.06	0.08	0.11	0.2	0.08
A	150	0.03	0.11	0.02	0.02	0.15	0.06	0.01	0.08	0.02	0.15	0.08	0.03	0.0	0.02	0.01	0.03	0.03	0.09	0.12	0.08
D	151	0.16	0.35	0.02	0.04	0.21	0.18	0.05	0.42	0.08	0.37	0.22	0.07	0.29	0.06	0.1	0.07	0.12	0.34	0.05	0.19
S	152	0.05	0.4	0.13	0.18	0.47	0.17	0.18	0.37	0.17	0.32	0.29	0.18	0.42	0.18	0.23	0.05	0.08	0.36	0.45	0.32
F	153	0.73	0.67	0.98	0.97	0.07	0.89	0.89	0.51	0.96	0.35	0.56	0.94	0.94	0.95	0.95	0.91	0.75	0.61	0.53	0.74
Q	154	0.23	0.44	0.18	0.09	0.12	0.13	0.05	0.31	0.13	0.34	0.37	0.13	0.09	0.06	0.1	0.15	0.18	0.39	0.43	0.06
S	155	0.07	0.01	0.03	0.02	0.11	0.09	0.04	0.03	0.04	0.05	0.03	0.03	0.13	0.03	0.03	0.03	0.02	0.08	0.15	0.02
F	156	0.69	0.11	0.96	0.95	0.13	0.87	0.78	0.34	0.92	0.12	0.36	0.88	0.89	0.89	0.89	0.81	0.62	0.39	0.59	0.13
Y	157	1.0	0.99	1.0	1.0	0.14	0.99	0.92	0.99	1.0	0.98	0.99	0.99	1.0	1.0	1.0	1.0	1.0	0.99	0.78	0.06
S	158	0.04	0.02	0.07	0.04	0.21	0.06	0.03	0.17	0.05	0.15	0.14	0.01	0.09	0.03	0.06	0.02	0.07	0.13	0.18	0.14
P	159	0.13	0.57	0.25	0.12	0.57	0.49	0.27	0.49	0.15	0.47	0.4	0.22	0.04	0.13	0.24	0.27	0.3	0.44	0.54	0.49
H	160	0.06	0.29	0.04	0.06	0.12	0.16	0.04	0.18	0.06	0.27	0.09	0.05	0.22	0.05	0.06	0.06	0.11	0.23	0.3	0.24
K	161	0.02	0.02	0.09	0.04	0.07	0.02	0.07	0.14	0.03	0.16	0.1	0.02	0.3	0.05	0.05	0.04	0.07	0.1	0.16	0.04
A	162	0.02	0.15	0.06	0.04	0.2	0.08	0.05	0.13	0.03	0.14	0.06	0.03	0.02	0.02	0.05	0.02	0.04	0.08	0.18	0.07
Q	163	0.03	0.17	0.03	0.04	0.14	0.02	0.03	0.24	0.04	0.19	0.13	0.02	0.04	0.02	0.03	0.04	0.04	0.1	0.21	0.13
M	164	0.03	0.11	0.02	0.02	0.13	0.01	0.03	0.09	0.01	0.03	0.02	0.01	0.07	0.02	0.03	0.02	0.03	0.05	0.13	0.1
K	165	0.09	0.02	0.27	0.24	0.06	0.18	0.12	0.07	0.06	0.07	0.05	0.12	0.32	0.11	0.05	0.11	0.12	0.06	0.01	0.03
N	166	0.25	0.55	0.12	0.12	0.28	0.19	0.25	0.51	0.16	0.57	0.18	0.06	0.39	0.15	0.19	0.22	0.16	0.4	0.61	0.53
P	167	0.01	0.14	0.02	0.02	0.17	0.07	0.03	0.09	0.02	0.1	0.06	0.01	0.03	0.01	0.02	0.02	0.03	0.11	0.14	0.04
I	168	0.11	0.01	0.12	0.04	0.26	0.21	0.05	0.06	0.11	0.12	0.04	0.03	0.28	0.06	0.09	0.14	0.11	0.15	0.28	0.1
L	169	0.5	0.11	0.92	0.8	0.26	0.74	0.62	0.16	0.84	0.08	0.04	0.75	0.78	0.7	0.79	0.64	0.44	0.16	0.39	0.42
E	170	0.25	0.52	0.17	0.06	0.72	0.42	0.21	0.68	0.18	0.72	0.51	0.12	0.54	0.13	0.27	0.23	0.3	0.57	0.66	0.58
R	171	0.27	0.27	0.4	0.24	0.46	0.51	0.23	0.45	0.29	0.57	0.32	0.3	0.64	0.19	0.08	0.34	0.21	0.47	0.46	0.59
L	172	0.42	0.19	0.91	0.71	0.38	0.76	0.63	0.08	0.83	0.21	0.05	0.76	0.8	0.53	0.79	0.56	0.23	0.15	0.41	0.44
A	173	0.06	0.09	0.75	0.7	0.59	0.21	0.6	0.54	0.66	0.65	0.4	0.58	0.57	0.63	0.71	0.2	0.32	0.31	0.65	0.63
E	174	0.48	0.77	0.34	0.13	0.82	0.61	0.26	0.81	0.33	0.84	0.73	0.36	0.71	0.19	0.33	0.41	0.34	0.77	0.8	0.63
Q	175	0.68	0.83	0.7	0.63	0.92	0.6	0.65	0.85	0.42	0.91	0.82	0.54	0.86	0.12	0.39	0.61	0.69	0.87	0.8	0.87
I	176	0.98	0.95	1.0	1.0	0.87	1.0	0.99	0.15	1.0	0.34	0.68	1.0	0.99	1.0	1.0	0.99	0.98	0.8	0.97	0.98
A	177	0.11	0.38	0.86	0.74	0.4	0.5	0.63	0.31	0.78	0.32	0.33	0.66	0.81	0.73	0.75	0.51	0.42	0.12	0.52	0.48
T	178	0.69	0.81	0.66	0.56	0.86	0.6	0.65	0.83	0.56	0.87	0.8	0.25	0.81	0.59	0.68	0.25	0.09	0.82	0.85	0.81
L	179	0.77	0.21	0.99	0.98	0.62	0.94	0.92	0.39	0.97	0.22	0.65	0.95	0.95	0.96	0.96	0.92	0.81	0.1	0.81	0.81
C	180	0.99	0.11	1.0	1.0	0.77	0.99	0.99	0.93	1.0	0.85	0.93	0.99	1.0	1.0	1.0	0.99	0.98	0.94	0.98	0.98
A	181	0.08	0.25	0.41	0.33	0.48	0.5	0.13	0.36	0.35	0.51	0.45	0.3	0.36	0.28	0.47	0.39	0.25	0.24	0.6	0.49
T	182	0.63	0.41	0.93	0.9	0.61	0.72	0.79	0.42	0.88	0.53	0.54	0.85	0.9	0.84	0.88	0.51	0.1	0.42	0.71	0.7
L	183	0.98	0.97	1.0	1.0	0.88	1.0	0.99	0.84	1.0	0.28	0.47	1.0	1.0	1.0	1.0	0.99	0.98	0.94	0.97	0.98
K	184	0.22	0.58	0.15	0.18	0.65	0.03	0.32	0.67	0.11	0.45	0.52	0.09	0.85	0.14	0.19	0.36	0.36	0.55	0.73	0.5
E	185	0.73	0.91	0.85	0.18	0.92	0.94	0.78	0.71	0.72	0.88	0.87	0.77	0.98	0.73	0.72	0.84	0.8	0.83	0.91	0.88
Y	186	0.81	0.9	0.96	0.97	0.59	0.87	0.91	0.67	0.91	0.87	0.82	0.82	0.99	0.95	0.96	0.94	0.92	0.85	0.91	0.26
P	187	0.89	0.93	0.78	0.81	0.9	0.96	0.89	0.93	0.89	0.94	0.93	0.81	0.06	0.85	0.91	0.91	0.91	0.91	0.93	0.83
A	188	0.06	0.14	0.17	0.09	0.15	0.12	0.11	0.08	0.07	0.09	0.14	0.07	0.33	0.12	0.13	0.06	0.11	0.1	0.03	0.05
V	189	0.89	0.74	0.99	0.99	0.78	0.98	0.97	0.05	0.98	0.58	0.72	0.97	0.97	0.98	0.98	0.87	0.9	0.09	0.92	0.93
R	190	0.9	0.9	0.84	0.79	0.99	0.7	0.7	0.97	0.84	0.97	0.94	0.8	0.96	0.78	0.16	0.87	0.94	0.98	0.94	0.92
Y	191	0.94	0.79	0.99	0.99	0.6	0.94	0.97	0.83	0.99	0.85	0.89	0.98	0.99	0.99	0.98	0.96	0.96	0.93	0.77	0.12
R	192	0.5	0.82	0.7	0.58	0.5	0.9	0.27	0.76	0.43	0.8	0.71	0.64	0.89	0.27	0.19	0.7	0.69	0.73	0.82	0.22
G	193	0.01	0.05	0.03	0.02	0.15	0.07	0.03	0.05	0.02	0.12	0.06	0.02	0.2	0.02	0.02	0.01	0.02	0.04	0.12	0.08
E	194	0.2	0.67	0.08	0.13	0.73	0.26	0.36	0.55	0.18	0.67	0.52	0.25	0.74	0.15	0.33	0.22	0.34	0.59	0.61	0.59
Y	195	0.15	0.58	0.25	0.12	0.2	0.21	0.13	0.67	0.14	0.54	0.38	0.16	0.35	0.17	0.31	0.08	0.37	0.52	0.08	0.22
K	196	0.15	0.42	0.03	0.08	0.4	0.15	0.11	0.45	0.1	0.48	0.33	0.1	0.06	0.11	0.14	0.08	0.11	0.22	0.44	0.32
D	197	0.14	0.21	0.12	0.14	0.16	0.27	0.16	0.16	0.07	0.1	0.1	0.07	0.14	0.14	0.07	0.17	0.11	0.03	0.34	0.25
N	198	0.23	0.08	0.7	0.62	0.62	0.73	0.58	0.48	0.6	0.55	0.35	0.17	0.34	0.58	0.66	0.26	0.31	0.51	0.67	0.64
A	199	0.06	0.19	0.1	0.04	0.27	0.15	0.06	0.26	0.02	0.26	0.07	0.07	0.09	0.02	0.06	0.04	0.05	0.07	0.28	0.1
L	200	0.05	0.15	0.04	0.01	0.24	0.04	0.02	0.16	0.02	0.12	0.04	0.03	0.12	0.02	0.02	0.03	0.03	0.11	0.03	0.14
L	201	0.82	0.64	0.98	0.96	0.29	0.92	0.88	0.29	0.96	0.14	0.33	0.93	0.94	0.78	0.95	0.9	0.78	0.42	0.76	0.77
A	202	0.07	0.29	0.98	0.97	0.93	0.67	0.95	0.92	0.97	0.89	0.92	0.93	0.93	0.96	0.97	0.62	0.81	0.87	0.95	0.95
Q	203	0.42	0.61	0.36	0.33	0.71	0.59	0.17	0.83	0.35	0.8	0.32	0.28	0.71	0.1	0.35	0.46	0.35	0.56	0.79	0.65
L	204	0.22	0.12	0.78	0.59	0.27	0.51	0.59	0.3	0.42	0.14	0.17	0.59	0.75	0.4	0.47	0.55	0.44	0.37	0.52	0.33
I	205	0.85	0.71	0.99	0.98	0.26	0.95	0.93	0.19	0.98	0.31	0.64	0.96	0.96	0.97	0.97	0.94	0.77	0.1	0.85	0.86
Q	206	0.62	0.88	0.7	0.47	0.91	0.82	0.55	0.89	0.61	0.83	0.87	0.67	0.84	0.16	0.66	0.66	0.75	0.86	0.19	0.69
D	207	0.07	0.32	0.05	0.05	0.45	0.18	0.06	0.41	0.04	0.46	0.28	0.05	0.27	0.02	0.07	0.11	0.13	0.27	0.38	0.28
K	208	0.15	0.17	0.34	0.19	0.75	0.47	0.31	0.65	0.07	0.72	0.52	0.24	0.59	0.19	0.25	0.32	0.34	0.65	0.7	0.57
L	209	0.83	0.81	0.99	0.99	0.77	0.97	0.95	0.45	0.98	0.18	0.26	0.97	0.97	0.97	0.97	0.96	0.85	0.69	0.88	0.86
D	210	0.34	0.61	0.06	0.21	0.79	0.56	0.38	0.61	0.28	0.75	0.42	0.14	0.57	0.21	0.26	0.4	0.32	0.64	0.74	0.66
A	211	0.02	0.19	0.05	0.03	0.35	0.1	0.07	0.31	0.04	0.36	0.12	0.03	0.2	0.04	0.05	0.08	0.03	0.25	0.29	0.15
Y	212	0.86	0.8	0.99	0.98	0.72	0.96	0.82	0.73	0.98	0.8	0.64	0.96	0.97	0.97	0.97	0.95	0.79	0.76	0.57	0.13
K	213	0.06	0.02	0.13	0.07	0.34	0.23	0.12	0.16	0.02	0.17	0.18	0.11	0.28	0.08	0.11	0.07	0.12	0.18	0.33	0.21
A	214	0.01	0.14	0.05	0.04	0.21	0.1	0.05	0.05	0.03	0.14	0.1	0.03	0.1	0.03	0.01	0.02	0.04	0.15	0.18	0.14
D	215	0.09	0.17	0.01	0.06	0.22	0.12	0.05	0.26	0.04	0.21	0.11	0.03	0.21	0.05	0.08	0.06	0.04	0.12	0.05	0.16
D	216	0.03	0.09	0.02	0.01	0.06	0.01	0.02	0.01	0.01	0.03	0.05	0.0	0.14	0.02	0.03	0.03	0.02	0.09	0.07	0.08
P	217	0.01	0.16	0.06	0.02	0.17	0.13	0.03	0.13	0.02	0.14	0.05	0.04	0.01	0.02	0.04	0.03	0.06	0.11	0.13	0.1
T	218	0.04	0.16	0.01	0.02	0.2	0.1	0.05	0.12	0.03	0.07	0.1	0.02	0.1	0.03	0.05	0.01	0.01	0.16	0.14	0.12
M	219	0.22	0.11	0.77	0.65	0.01	0.47	0.33	0.06	0.48	0.06	0.01	0.38	0.64	0.28	0.47	0.42	0.11	0.03	0.03	0.05
G	220	0.05	0.02	0.09	0.07	0.04	0.01	0.06	0.03	0.05	0.08	0.06	0.04	0.03	0.04	0.09	0.05	0.07	0.06	0.06	0.07
E	221	0.03	0.11	0.02	0.01	0.09	0.16	0.04	0.1	0.01	0.09	0.09	0.04	0.01	0.01	0.03	0.04	0.05	0.07	0.11	0.03
G	222	0.21	0.68	0.49	0.41	0.72	0.01	0.34	0.63	0.32	0.66	0.54	0.41	0.58	0.23	0.35	0.39	0.44	0.53	0.39	0.61
P	223	0.04	0.16	0.08	0.05	0.21	0.24	0.07	0.15	0.05	0.1	0.08	0.04	0.01	0.05	0.08	0.04	0.05	0.13	0.16	0.16
D	224	0.03	0.1	0.02	0.01	0.16	0.02	0.03	0.13	0.03	0.1	0.06	0.02	0.03	0.02	0.04	0.02	0.02	0.05	0.11	0.09
K	225	0.13	0.33	0.14	0.12	0.32	0.16	0.15	0.47	0.03	0.5	0.17	0.1	0.15	0.12	0.03	0.09	0.1	0.38	0.45	0.36
A	226	0.01	0.08	0.02	0.01	0.13	0.01	0.02	0.13	0.01	0.11	0.05	0.02	0.01	0.01	0.01	0.01	0.01	0.06	0.1	0.06
R	227	0.45	0.61	0.36	0.31	0.79	0.58	0.13	0.8	0.29	0.82	0.68	0.14	0.5	0.26	0.06	0.35	0.19	0.69	0.76	0.64
S	228	0.08	0.01	0.3	0.23	0.08	0.09	0.18	0.03	0.22	0.05	0.06	0.27	0.14	0.18	0.22	0.02	0.06	0.02	0.02	0.11
Q	229	0.44	0.73	0.18	0.24	0.85	0.18	0.12	0.35	0.32	0.66	0.32	0.38	0.7	0.08	0.22	0.36	0.25	0.58	0.74	0.4
L	230	0.94	0.8	0.99	0.99	0.64	0.96	0.97	0.63	0.99	0.07	0.61	0.98	0.99	0.98	0.99	0.98	0.95	0.65	0.95	0.97
L	231	0.91	0.83	0.99	0.99	0.27	0.94	0.95	0.21	0.98	0.07	0.44	0.97	0.99	0.97	0.98	0.97	0.92	0.51	0.92	0.9
I	232	0.92	0.85	0.99	0.99	0.66	0.97	0.98	0.05	0.99	0.36	0.69	0.98	0.99	0.99	0.99	0.98	0.93	0.39	0.97	0.98
L	233	0.25	0.08	0.82	0.79	0.2	0.18	0.33	0.05	0.71	0.08	0.07	0.65	0.69	0.67	0.51	0.44	0.1	0.11	0.31	0.32
D	234	0.98	1.0	0.08	0.85	1.0	0.97	0.96	1.0	0.98	1.0	1.0	0.91	0.99	0.95	0.99	0.97	0.98	1.0	1.0	0.99
R	235	1.0	1.0	1.0	1.0	1.0	1.0	0.98	1.0	0.95	1.0	1.0	0.99	1.0	0.99	0.23	1.0	1.0	1.0	1.0	1.0
G	236	0.11	0.33	0.3	0.28	0.45	0.02	0.26	0.37	0.24	0.44	0.28	0.22	0.39	0.24	0.32	0.03	0.06	0.39	0.44	0.41
F	237	0.72	0.58	0.89	0.94	0.1	0.9	0.83	0.27	0.94	0.57	0.14	0.91	0.92	0.81	0.92	0.8	0.6	0.31	0.71	0.46
D	238	0.99	0.99	0.05	0.94	0.99	0.87	0.98	0.99	0.98	0.99	1.0	0.96	0.99	0.98	0.99	0.99	0.99	1.0	0.99	0.99
P	239	0.1	0.01	0.7	0.48	0.07	0.6	0.27	0.05	0.44	0.02	0.02	0.49	0.03	0.11	0.39	0.37	0.11	0.04	0.11	0.14
S	240	0.0	0.01	0.2	0.09	0.0	0.07	0.03	0.0	0.06	0.0	0.0	0.05	0.11	0.05	0.05	0.03	0.01	0.0	0.01	0.0
S	241	0.06	0.23	0.35	0.24	0.34	0.37	0.26	0.26	0.25	0.31	0.27	0.26	0.24	0.25	0.3	0.04	0.04	0.25	0.38	0.34
P	242	0.83	0.78	0.93	0.92	0.85	0.89	0.88	0.78	0.88	0.61	0.77	0.88	0.03	0.89	0.9	0.85	0.52	0.77	0.89	0.89
V	243	0.15	0.09	0.66	0.62	0.01	0.08	0.2	0.05	0.53	0.01	0.07	0.29	0.71	0.44	0.42	0.22	0.13	0.03	0.12	0.07
L	244	0.75	0.45	0.98	0.96	0.51	0.96	0.87	0.11	0.95	0.06	0.14	0.94	0.95	0.92	0.73	0.89	0.76	0.22	0.62	0.68
H	245	1.0	1.0	1.0	1.0	0.99	1.0	0.26	1.0	0.99	1.0	1.0	1.0	1.0	1.0	0.99	1.0	1.0	1.0	1.0	0.99
E	246	0.84	0.95	0.54	0.14	0.86	0.73	0.75	0.92	0.79	0.95	0.93	0.71	0.97	0.71	0.85	0.88	0.88	0.87	0.95	0.91
L	247	0.63	0.38	0.95	0.91	0.03	0.9	0.7	0.4	0.86	0.12	0.37	0.58	0.96	0.83	0.78	0.7	0.6	0.37	0.05	0.11
T	248	0.53	0.65	0.7	0.61	0.62	0.79	0.34	0.67	0.61	0.68	0.57	0.59	0.74	0.58	0.69	0.37	0.07	0.66	0.55	0.53
F	249	1.0	0.99	1.0	1.0	0.37	1.0	0.97	0.99	1.0	0.92	0.99	1.0	1.0	1.0	1.0	1.0	1.0	0.99	0.89	0.1
Q	250	0.95	0.99	0.78	0.88	0.99	0.97	0.95	0.99	0.94	0.99	0.98	0.92	0.98	0.27	0.91	0.96	0.96	0.99	0.99	0.98
A	251	0.05	0.33	0.98	0.98	0.97	0.51	0.97	0.97	0.98	0.98	0.96	0.93	0.83	0.97	0.98	0.41	0.79	0.93	0.97	0.98
M	252	0.99	0.97	1.0	1.0	0.8	1.0	0.99	0.9	1.0	0.78	0.09	1.0	1.0	0.99	1.0	1.0	0.99	0.93	0.98	0.98
S	253	0.01	0.0	0.48	0.39	0.04	0.12	0.13	0.01	0.3	0.03	0.03	0.21	0.25	0.24	0.25	0.11	0.03	0.01	0.06	0.06
Y	254	0.95	0.94	0.96	0.93	0.94	0.96	0.45	0.94	0.94	0.94	0.78	0.71	0.98	0.93	0.95	0.95	0.92	0.92	0.97	0.31
D	255	0.98	1.0	0.12	0.87	1.0	0.97	0.97	1.0	0.99	1.0	1.0	0.92	0.98	0.97	0.99	0.98	0.99	1.0	1.0	1.0
L	256	0.88	0.64	0.98	0.98	0.7	0.94	0.89	0.56	0.96	0.14	0.5	0.92	0.98	0.94	0.93	0.91	0.79	0.55	0.81	0.82
L	257	0.74	0.32	0.98	0.95	0.54	0.77	0.82	0.56	0.94	0.13	0.39	0.81	0.98	0.91	0.91	0.85	0.77	0.42	0.65	0.77
P	258	0.13	0.13	0.09	0.08	0.55	0.13	0.2	0.56	0.1	0.51	0.36	0.05	0.04	0.12	0.18	0.24	0.18	0.4	0.49	0.42
I	259	0.66	0.59	0.93	0.95	0.63	0.97	0.87	0.07	0.95	0.51	0.38	0.93	0.96	0.84	0.92	0.85	0.79	0.29	0.69	0.73
E	260	0.21	0.62	0.07	0.04	0.76	0.22	0.16	0.78	0.13	0.67	0.33	0.12	0.3	0.08	0.21	0.26	0.3	0.64	0.75	0.71
N	261	0.41	0.7	0.21	0.29	0.76	0.12	0.38	0.64	0.27	0.66	0.61	0.05	0.85	0.17	0.4	0.41	0.41	0.49	0.82	0.62
D	262	0.59	0.86	0.08	0.38	0.88	0.31	0.55	0.89	0.41	0.81	0.74	0.11	0.95	0.4	0.55	0.57	0.47	0.8	0.83	0.79
V	263	0.21	0.11	0.24	0.19	0.35	0.49	0.05	0.09	0.06	0.33	0.22	0.15	0.73	0.17	0.07	0.19	0.06	0.05	0.36	0.34
Y	264	0.92	0.8	0.99	0.98	0.61	0.98	0.64	0.69	0.98	0.82	0.81	0.96	0.97	0.97	0.97	0.96	0.92	0.67	0.83	0.11
K	265	0.26	0.5	0.19	0.07	0.72	0.2	0.19	0.63	0.07	0.62	0.45	0.13	0.39	0.14	0.09	0.17	0.12	0.26	0.71	0.56
Y	266	0.95	0.93	0.98	0.98	0.74	0.87	0.5	0.83	0.97	0.94	0.88	0.98	0.99	0.94	0.93	0.96	0.96	0.96	0.93	0.21
E	267	0.4	0.66	0.23	0.06	0.79	0.63	0.26	0.58	0.12	0.73	0.6	0.26	0.28	0.16	0.34	0.39	0.2	0.54	0.61	0.68
T	268	0.05	0.1	0.49	0.43	0.03	0.17	0.2	0.07	0.4	0.08	0.07	0.24	0.35	0.31	0.25	0.14	0.03	0.06	0.23	0.12
S	269	0.06	0.12	0.02	0.02	0.15	0.05	0.05	0.26	0.02	0.24	0.09	0.03	0.03	0.02	0.04	0.03	0.02	0.09	0.23	0.13
G	270	0.04	0.14	0.03	0.02	0.17	0.03	0.04	0.07	0.02	0.11	0.09	0.01	0.13	0.02	0.03	0.03	0.02	0.03	0.11	0.1
I	271	0.03	0.14	0.04	0.02	0.26	0.02	0.05	0.05	0.02	0.16	0.05	0.01	0.14	0.03	0.04	0.04	0.07	0.16	0.18	0.14
G	272	0.73	0.88	0.63	0.61	0.93	0.04	0.74	0.93	0.65	0.92	0.9	0.55	0.98	0.61	0.79	0.63	0.81	0.93	0.92	0.91
E	273	0.1	0.45	0.19	0.05	0.31	0.08	0.12	0.35	0.08	0.47	0.37	0.11	0.39	0.04	0.09	0.18	0.21	0.48	0.44	0.41
A	274	0.04	0.12	0.04	0.02	0.15	0.05	0.04	0.05	0.03	0.09	0.03	0.02	0.05	0.02	0.02	0.02	0.04	0.08	0.01	0.08
R	275	0.08	0.27	0.05	0.01	0.4	0.05	0.06	0.34	0.03	0.23	0.18	0.05	0.23	0.03	0.05	0.07	0.04	0.08	0.42	0.37
V	276	0.01	0.08	0.01	0.0	0.14	0.03	0.02	0.08	0.0	0.1	0.04	0.01	0.04	0.01	0.02	0.02	0.01	0.06	0.09	0.08
K	277	0.58	0.86	0.6	0.51	0.93	0.55	0.53	0.91	0.09	0.87	0.83	0.49	0.77	0.44	0.29	0.53	0.7	0.89	0.93	0.92
E	278	0.4	0.82	0.26	0.08	0.89	0.45	0.29	0.82	0.31	0.74	0.77	0.36	0.64	0.25	0.51	0.49	0.42	0.75	0.89	0.87
V	279	0.07	0.17	0.78	0.61	0.12	0.19	0.31	0.19	0.61	0.32	0.14	0.37	0.54	0.19	0.63	0.52	0.2	0.09	0.39	0.43
L	280	0.41	0.28	0.46	0.4	0.17	0.75	0.52	0.18	0.55	0.06	0.27	0.45	0.56	0.56	0.66	0.56	0.39	0.1	0.06	0.44
L	281	0.79	0.66	0.97	0.95	0.57	0.96	0.86	0.44	0.93	0.14	0.63	0.78	0.93	0.9	0.92	0.78	0.81	0.5	0.74	0.73
D	282	0.42	0.77	0.09	0.3	0.79	0.14	0.31	0.8	0.39	0.77	0.66	0.28	0.84	0.34	0.41	0.22	0.29	0.68	0.49	0.69
E	283	0.86	0.96	0.3	0.13	0.97	0.92	0.71	0.97	0.81	0.96	0.93	0.79	0.85	0.77	0.87	0.87	0.88	0.96	0.95	0.72
D	284	0.25	0.66	0.11	0.13	0.72	0.53	0.09	0.72	0.18	0.57	0.52	0.08	0.72	0.19	0.3	0.29	0.39	0.63	0.61	0.54
D	285	0.99	1.0	0.15	0.95	1.0	0.99	0.98	1.0	0.99	1.0	1.0	0.96	1.0	0.98	1.0	0.99	0.99	1.0	1.0	1.0
D	286	0.29	0.72	0.13	0.16	0.8	0.58	0.34	0.65	0.19	0.75	0.55	0.31	0.09	0.25	0.39	0.33	0.3	0.68	0.73	0.62
L	287	0.73	0.53	0.9	0.93	0.56	0.88	0.79	0.2	0.89	0.22	0.29	0.87	0.9	0.78	0.89	0.81	0.45	0.19	0.66	0.59
W	288	1.0	1.0	1.0	1.0	0.99	1.0	1.0	1.0	1.0	1.0	1.0	1.0	1.0	1.0	1.0	1.0	1.0	1.0	0.46	0.99
I	289	0.08	0.02	0.37	0.18	0.12	0.27	0.19	0.09	0.18	0.07	0.08	0.12	0.33	0.21	0.07	0.17	0.04	0.01	0.15	0.14
A	290	0.05	0.16	0.02	0.01	0.24	0.06	0.05	0.2	0.02	0.2	0.12	0.03	0.13	0.03	0.01	0.03	0.04	0.15	0.19	0.07
L	291	0.72	0.32	0.96	0.95	0.23	0.62	0.77	0.3	0.93	0.21	0.48	0.53	0.96	0.91	0.92	0.79	0.63	0.39	0.68	0.3
R	292	1.0	0.99	1.0	0.99	1.0	1.0	0.99	1.0	0.93	1.0	1.0	0.99	1.0	0.97	0.3	1.0	1.0	1.0	0.99	1.0
H	293	0.93	0.97	0.94	0.92	0.94	0.9	0.14	0.97	0.93	0.97	0.95	0.92	1.0	0.87	0.94	0.94	0.93	0.96	0.96	0.7
K	294	0.14	0.3	0.29	0.14	0.33	0.55	0.16	0.25	0.07	0.06	0.03	0.23	0.51	0.04	0.07	0.24	0.16	0.16	0.08	0.11
H	295	0.97	0.99	0.93	0.95	0.97	0.99	0.18	0.99	0.96	0.99	0.98	0.94	0.98	0.96	0.98	0.98	0.94	0.99	0.99	0.99
I	296	0.98	0.96	1.0	1.0	0.84	1.0	0.99	0.12	1.0	0.69	0.32	1.0	0.99	1.0	1.0	0.99	0.98	0.78	0.97	0.98
A	297	0.06	0.67	0.33	0.26	0.75	0.44	0.18	0.63	0.14	0.75	0.54	0.3	0.46	0.2	0.32	0.28	0.31	0.63	0.7	0.6
E	298	0.35	0.49	0.03	0.07	0.5	0.4	0.18	0.61	0.15	0.65	0.48	0.14	0.67	0.18	0.28	0.24	0.2	0.07	0.57	0.43
V	299	0.05	0.07	0.83	0.75	0.23	0.43	0.51	0.22	0.7	0.28	0.23	0.63	0.64	0.65	0.66	0.46	0.22	0.02	0.33	0.27
S	300	0.12	0.09	0.44	0.29	0.1	0.31	0.2	0.02	0.3	0.03	0.06	0.07	0.38	0.28	0.31	0.02	0.07	0.04	0.14	0.13
Q	301	0.05	0.18	0.02	0.02	0.27	0.09	0.06	0.27	0.03	0.21	0.15	0.04	0.08	0.01	0.06	0.03	0.03	0.14	0.22	0.17
E	302	0.11	0.41	0.11	0.05	0.54	0.17	0.16	0.36	0.04	0.35	0.33	0.11	0.37	0.08	0.1	0.09	0.11	0.37	0.47	0.13
V	303	0.39	0.38	0.96	0.95	0.29	0.86	0.83	0.03	0.93	0.04	0.24	0.89	0.88	0.9	0.91	0.84	0.59	0.03	0.64	0.66
T	304	0.15	0.24	0.13	0.12	0.19	0.08	0.03	0.09	0.09	0.29	0.07	0.09	0.04	0.06	0.11	0.08	0.02	0.25	0.32	0.22
R	305	0.02	0.12	0.02	0.01	0.18	0.04	0.04	0.19	0.01	0.21	0.1	0.02	0.1	0.02	0.03	0.03	0.03	0.06	0.11	0.12
S	306	0.02	0.09	0.01	0.01	0.15	0.03	0.02	0.14	0.01	0.02	0.05	0.01	0.06	0.01	0.01	0.02	0.02	0.09	0.1	0.07
L	307	0.12	0.11	0.77	0.71	0.01	0.41	0.32	0.05	0.62	0.03	0.02	0.47	0.5	0.53	0.53	0.33	0.14	0.07	0.18	0.14
K	308	0.18	0.35	0.06	0.1	0.49	0.2	0.14	0.46	0.02	0.44	0.31	0.06	0.3	0.04	0.07	0.13	0.07	0.38	0.43	0.34
D	309	0.02	0.1	0.02	0.01	0.16	0.03	0.03	0.15	0.01	0.17	0.06	0.01	0.03	0.01	0.02	0.03	0.02	0.11	0.12	0.09
F	310	0.75	0.57	0.97	0.96	0.05	0.89	0.54	0.4	0.94	0.53	0.55	0.91	0.92	0.93	0.93	0.86	0.64	0.58	0.73	0.34
S	311	0.02	0.01	0.13	0.07	0.03	0.09	0.06	0.02	0.05	0.01	0.01	0.07	0.12	0.03	0.08	0.01	0.01	0.01	0.05	0.04
S	312	0.01	0.05	0.0	0.0	0.08	0.01	0.01	0.03	0.01	0.04	0.04	0.01	0.04	0.01	0.01	0.01	0.01	0.03	0.06	0.05
S	313	0.02	0.13	0.02	0.01	0.17	0.05	0.03	0.12	0.01	0.16	0.08	0.01	0.07	0.01	0.02	0.01	0.01	0.09	0.12	0.08
K	314	0.08	0.22	0.06	0.04	0.28	0.23	0.03	0.26	0.01	0.27	0.07	0.01	0.53	0.03	0.08	0.05	0.05	0.19	0.22	0.14
R	315	0.01	0.06	0.01	0.01	0.08	0.02	0.01	0.08	0.0	0.04	0.02	0.01	0.03	0.01	0.0	0.01	0.02	0.03	0.11	0.04
M	316	0.01	0.14	0.04	0.04	0.2	0.0	0.01	0.08	0.03	0.09	0.01	0.04	0.11	0.02	0.02	0.05	0.06	0.05	0.12	0.09
N	317	0.0	0.0	0.01	0.01	0.0	0.03	0.01	0.0	0.0	0.0	0.0	0.01	0.02	0.01	0.01	0.01	0.0	0.0	0.01	0.01
M	324	0.26	0.3	0.88	0.83	0.3	0.66	0.59	0.09	0.66	0.09	0.06	0.67	0.57	0.7	0.73	0.4	0.17	0.2	0.38	0.4
R	325	0.04	0.15	0.04	0.02	0.2	0.05	0.05	0.23	0.01	0.25	0.06	0.01	0.12	0.02	0.02	0.02	0.04	0.17	0.19	0.14
D	326	0.17	0.58	0.02	0.14	0.7	0.24	0.26	0.69	0.2	0.71	0.52	0.07	0.47	0.13	0.32	0.17	0.26	0.6	0.63	0.54
L	327	0.15	0.1	0.86	0.81	0.22	0.63	0.48	0.1	0.74	0.03	0.03	0.65	0.58	0.67	0.68	0.52	0.25	0.11	0.3	0.28
S	328	0.05	0.21	0.07	0.04	0.28	0.07	0.05	0.19	0.02	0.14	0.11	0.03	0.05	0.02	0.02	0.02	0.03	0.14	0.23	0.17
Q	329	0.09	0.32	0.03	0.06	0.44	0.15	0.05	0.42	0.04	0.19	0.14	0.07	0.14	0.02	0.09	0.1	0.07	0.29	0.37	0.2
M	330	0.5	0.68	0.96	0.89	0.73	0.66	0.86	0.47	0.93	0.58	0.08	0.9	0.93	0.85	0.93	0.88	0.77	0.61	0.79	0.78
L	331	0.19	0.12	0.36	0.65	0.13	0.41	0.34	0.02	0.58	0.03	0.03	0.48	0.48	0.51	0.29	0.25	0.19	0.04	0.18	0.18
K	332	0.05	0.36	0.12	0.08	0.48	0.14	0.1	0.47	0.02	0.4	0.29	0.11	0.31	0.06	0.04	0.13	0.09	0.34	0.42	0.33
K	333	0.03	0.27	0.09	0.05	0.38	0.06	0.06	0.37	0.02	0.37	0.2	0.05	0.22	0.05	0.05	0.03	0.08	0.26	0.32	0.24
M	334	0.65	0.33	0.99	0.98	0.57	0.72	0.9	0.29	0.92	0.19	0.05	0.94	0.97	0.9	0.93	0.88	0.82	0.55	0.66	0.74
P	335	0.59	0.76	0.85	0.81	0.87	0.66	0.82	0.82	0.71	0.88	0.8	0.78	0.02	0.78	0.84	0.71	0.62	0.63	0.88	0.87
Q	336	0.3	0.61	0.22	0.14	0.73	0.26	0.08	0.7	0.24	0.65	0.51	0.19	0.54	0.03	0.27	0.32	0.24	0.52	0.67	0.32
Y	337	0.78	0.76	0.93	0.87	0.33	0.64	0.62	0.82	0.91	0.8	0.46	0.83	0.98	0.8	0.91	0.82	0.77	0.79	0.86	0.09
Q	338	0.35	0.68	0.33	0.26	0.76	0.52	0.37	0.71	0.22	0.5	0.54	0.22	0.56	0.03	0.15	0.26	0.37	0.65	0.7	0.63
K	339	0.18	0.38	0.06	0.03	0.4	0.25	0.15	0.5	0.03	0.37	0.32	0.12	0.32	0.08	0.13	0.14	0.12	0.41	0.45	0.19
E	340	0.13	0.34	0.22	0.05	0.45	0.25	0.18	0.28	0.12	0.17	0.05	0.15	0.38	0.04	0.18	0.19	0.14	0.21	0.43	0.33
L	341	0.28	0.21	0.65	0.56	0.25	0.54	0.37	0.07	0.11	0.05	0.11	0.46	0.6	0.34	0.26	0.33	0.26	0.13	0.31	0.21
S	342	0.08	0.29	0.03	0.02	0.37	0.1	0.09	0.38	0.06	0.39	0.22	0.04	0.2	0.04	0.06	0.02	0.05	0.28	0.32	0.25
K	343	0.22	0.58	0.31	0.24	0.7	0.43	0.28	0.69	0.03	0.66	0.32	0.16	0.53	0.17	0.19	0.25	0.22	0.6	0.65	0.56
Y	344	0.58	0.43	0.95	0.92	0.11	0.81	0.64	0.34	0.86	0.17	0.37	0.85	0.85	0.52	0.87	0.78	0.61	0.35	0.43	0.04
S	345	0.09	0.23	0.42	0.35	0.26	0.39	0.28	0.2	0.33	0.24	0.19	0.26	0.51	0.31	0.24	0.03	0.13	0.12	0.03	0.19
T	346	0.07	0.07	0.65	0.54	0.04	0.25	0.23	0.04	0.4	0.02	0.03	0.29	0.35	0.16	0.33	0.26	0.02	0.02	0.02	0.1
H	347	0.99	0.99	0.99	0.99	0.98	0.99	0.11	0.99	0.98	0.99	0.99	0.99	1.0	0.98	0.98	0.99	0.99	0.99	0.98	0.96
L	348	0.24	0.15	0.87	0.82	0.07	0.57	0.47	0.08	0.6	0.04	0.06	0.62	0.65	0.68	0.68	0.5	0.16	0.11	0.29	0.17
H	349	0.21	0.59	0.09	0.15	0.31	0.4	0.06	0.69	0.18	0.69	0.54	0.09	0.4	0.12	0.27	0.22	0.15	0.59	0.64	0.27
L	350	0.74	0.64	0.98	0.96	0.64	0.91	0.88	0.28	0.95	0.18	0.16	0.93	0.93	0.79	0.93	0.79	0.78	0.58	0.75	0.75
A	351	0.05	0.08	0.88	0.84	0.31	0.69	0.58	0.1	0.79	0.18	0.25	0.68	0.75	0.74	0.75	0.44	0.32	0.2	0.4	0.4
E	352	0.37	0.59	0.16	0.05	0.71	0.12	0.19	0.67	0.24	0.63	0.53	0.17	0.54	0.13	0.3	0.3	0.26	0.62	0.65	0.57
D	353	0.19	0.08	0.03	0.06	0.54	0.28	0.16	0.52	0.04	0.4	0.34	0.11	0.36	0.07	0.12	0.17	0.15	0.27	0.47	0.39
C	354	0.91	0.04	0.99	0.99	0.88	0.98	0.97	0.75	0.99	0.78	0.87	0.96	0.98	0.98	0.98	0.96	0.91	0.82	0.92	0.92
M	355	0.86	0.73	0.95	0.96	0.44	0.94	0.86	0.71	0.94	0.64	0.06	0.68	0.95	0.94	0.93	0.89	0.72	0.67	0.6	0.78
K	356	0.08	0.27	0.05	0.06	0.4	0.06	0.04	0.39	0.02	0.41	0.21	0.02	0.23	0.05	0.09	0.07	0.07	0.3	0.33	0.26
H	357	0.11	0.16	0.13	0.06	0.26	0.21	0.03	0.05	0.04	0.08	0.15	0.07	0.26	0.04	0.04	0.09	0.06	0.13	0.31	0.25
Y	358	0.82	0.67	0.98	0.97	0.09	0.87	0.9	0.48	0.95	0.65	0.63	0.89	0.93	0.83	0.93	0.89	0.79	0.55	0.72	0.15
Q	359	0.3	0.54	0.1	0.11	0.66	0.41	0.2	0.65	0.07	0.66	0.47	0.15	0.48	0.04	0.19	0.13	0.19	0.54	0.6	0.51
G	360	0.17	0.37	0.13	0.1	0.41	0.04	0.07	0.46	0.05	0.38	0.25	0.08	0.09	0.05	0.04	0.11	0.11	0.36	0.05	0.1
T	361	0.04	0.04	0.05	0.03	0.29	0.0	0.02	0.26	0.02	0.15	0.07	0.01	0.26	0.03	0.03	0.05	0.03	0.12	0.1	0.01
V	362	0.83	0.67	0.99	0.98	0.54	0.96	0.94	0.11	0.98	0.04	0.17	0.97	0.96	0.96	0.97	0.95	0.8	0.07	0.81	0.84
D	363	0.13	0.39	0.04	0.05	0.45	0.26	0.17	0.34	0.1	0.21	0.14	0.12	0.06	0.08	0.13	0.15	0.14	0.31	0.44	0.33
K	364	0.39	0.73	0.16	0.23	0.72	0.59	0.41	0.81	0.1	0.56	0.62	0.31	0.67	0.29	0.3	0.33	0.44	0.72	0.77	0.37
L	365	0.37	0.21	0.92	0.88	0.33	0.72	0.63	0.11	0.84	0.1	0.29	0.58	0.78	0.63	0.8	0.64	0.23	0.11	0.45	0.45
C	366	0.58	0.07	0.97	0.96	0.93	0.59	0.95	0.92	0.96	0.95	0.89	0.91	0.97	0.96	0.97	0.74	0.91	0.85	0.95	0.94
R	367	0.08	0.29	0.1	0.05	0.35	0.14	0.14	0.38	0.04	0.17	0.15	0.07	0.24	0.05	0.07	0.07	0.12	0.3	0.39	0.26
V	368	0.67	0.23	0.97	0.95	0.41	0.84	0.79	0.3	0.93	0.26	0.32	0.88	0.89	0.81	0.9	0.79	0.44	0.1	0.62	0.6
E	369	0.99	1.0	0.96	0.12	1.0	0.98	0.99	1.0	0.99	1.0	1.0	0.98	0.99	0.99	1.0	0.99	0.99	1.0	1.0	1.0
Q	370	0.79	0.92	0.84	0.82	0.97	0.89	0.8	0.96	0.67	0.96	0.93	0.79	0.93	0.04	0.55	0.85	0.87	0.95	0.95	0.94
D	371	0.43	0.03	0.05	0.39	0.71	0.53	0.39	0.36	0.33	0.71	0.55	0.19	0.64	0.27	0.44	0.35	0.24	0.62	0.69	0.62
L	372	0.73	0.03	0.98	0.97	0.46	0.91	0.87	0.19	0.96	0.05	0.13	0.92	0.92	0.93	0.94	0.89	0.73	0.35	0.7	0.73
A	373	0.02	0.1	0.74	0.68	0.27	0.44	0.45	0.18	0.62	0.29	0.22	0.46	0.57	0.57	0.61	0.22	0.27	0.05	0.35	0.35
M	374	0.53	0.04	0.91	0.84	0.17	0.73	0.63	0.32	0.83	0.28	0.04	0.72	0.8	0.69	0.79	0.59	0.06	0.28	0.47	0.42
G	375	0.69	0.48	0.84	0.75	0.88	0.05	0.79	0.87	0.75	0.87	0.71	0.66	0.98	0.62	0.76	0.76	0.8	0.83	0.87	0.86
T	376	0.07	0.08	0.03	0.05	0.16	0.02	0.02	0.03	0.04	0.05	0.02	0.08	0.22	0.06	0.02	0.05	0.02	0.05	0.14	0.09
D	377	0.21	0.65	0.03	0.22	0.72	0.55	0.36	0.73	0.22	0.69	0.53	0.23	0.5	0.25	0.32	0.32	0.09	0.63	0.64	0.58
A	378	0.03	0.1	0.15	0.07	0.32	0.23	0.18	0.37	0.09	0.33	0.28	0.15	0.11	0.07	0.16	0.15	0.14	0.26	0.39	0.2
E	379	0.25	0.57	0.09	0.04	0.65	0.56	0.11	0.64	0.16	0.44	0.42	0.18	0.63	0.11	0.19	0.2	0.3	0.54	0.53	0.36
G	380	0.45	0.8	0.47	0.46	0.64	0.03	0.54	0.79	0.42	0.78	0.65	0.37	0.95	0.44	0.6	0.65	0.65	0.73	0.77	0.57
E	381	0.16	0.33	0.13	0.03	0.43	0.45	0.07	0.3	0.03	0.35	0.26	0.07	0.45	0.05	0.06	0.11	0.15	0.22	0.32	0.28
K	382	0.17	0.39	0.12	0.09	0.54	0.38	0.1	0.44	0.02	0.32	0.26	0.1	0.13	0.1	0.04	0.14	0.09	0.4	0.45	0.41
I	383	0.26	0.14	0.84	0.76	0.11	0.74	0.44	0.03	0.7	0.11	0.15	0.51	0.07	0.59	0.53	0.4	0.2	0.05	0.19	0.18
K	384	0.34	0.62	0.42	0.23	0.71	0.64	0.28	0.63	0.02	0.64	0.49	0.28	0.73	0.2	0.05	0.18	0.22	0.59	0.58	0.56
D	385	0.18	0.47	0.06	0.1	0.37	0.07	0.06	0.35	0.06	0.35	0.3	0.14	0.5	0.15	0.2	0.24	0.07	0.5	0.41	0.44
P	386	0.02	0.07	0.29	0.15	0.05	0.34	0.01	0.01	0.14	0.02	0.01	0.14	0.08	0.05	0.15	0.08	0.1	0.03	0.08	0.08
M	387	0.71	0.69	0.97	0.96	0.65	0.93	0.84	0.55	0.92	0.53	0.12	0.93	0.94	0.81	0.82	0.9	0.74	0.45	0.79	0.71
R	388	0.2	0.52	0.1	0.07	0.57	0.31	0.23	0.6	0.1	0.61	0.42	0.18	0.34	0.08	0.04	0.18	0.22	0.49	0.54	0.44
A	389	0.04	0.05	0.02	0.01	0.24	0.08	0.04	0.22	0.02	0.08	0.1	0.01	0.11	0.01	0.02	0.03	0.03	0.04	0.18	0.11
I	390	0.72	0.61	0.98	0.95	0.62	0.91	0.87	0.13	0.96	0.28	0.12	0.93	0.93	0.94	0.93	0.89	0.76	0.24	0.75	0.76
V	391	0.65	0.54	0.9	0.55	0.42	0.77	0.65	0.34	0.83	0.34	0.52	0.74	0.85	0.7	0.81	0.65	0.48	0.11	0.64	0.63
P	392	0.4	0.82	0.37	0.33	0.84	0.68	0.51	0.83	0.36	0.77	0.73	0.31	0.07	0.4	0.3	0.48	0.45	0.79	0.82	0.77
I	393	0.83	0.68	0.98	0.97	0.47	0.92	0.86	0.23	0.96	0.39	0.54	0.94	0.94	0.95	0.94	0.9	0.78	0.35	0.78	0.72
L	394	0.9	0.92	1.0	1.0	0.52	0.99	0.98	0.68	0.99	0.19	0.77	0.99	0.99	0.99	0.99	0.99	0.93	0.8	0.95	0.96
L	395	0.14	0.4	0.03	0.06	0.5	0.18	0.14	0.24	0.07	0.08	0.25	0.08	0.22	0.05	0.1	0.13	0.11	0.4	0.46	0.37
D	396	0.61	0.86	0.15	0.55	0.9	0.91	0.39	0.82	0.54	0.87	0.76	0.4	0.91	0.44	0.54	0.63	0.6	0.8	0.85	0.73
A	397	0.06	0.29	0.05	0.04	0.31	0.25	0.1	0.26	0.03	0.22	0.11	0.09	0.03	0.02	0.04	0.08	0.09	0.16	0.26	0.22
N	398	0.18	0.66	0.15	0.18	0.54	0.58	0.2	0.64	0.15	0.66	0.48	0.08	0.7	0.19	0.24	0.18	0.19	0.62	0.39	0.57
V	399	0.9	0.84	0.99	0.99	0.82	0.99	0.69	0.35	0.99	0.69	0.76	0.98	0.98	0.98	0.97	0.97	0.88	0.29	0.87	0.71
S	400	0.26	0.62	0.2	0.18	0.69	0.65	0.29	0.58	0.23	0.53	0.45	0.27	0.2	0.18	0.18	0.09	0.18	0.51	0.58	0.54
T	401	0.29	0.33	0.29	0.17	0.53	0.47	0.17	0.59	0.29	0.43	0.53	0.09	0.17	0.21	0.28	0.3	0.21	0.36	0.63	0.58
Y	402	0.93	0.91	0.89	0.72	0.97	0.94	0.9	0.96	0.89	0.91	0.85	0.83	0.96	0.89	0.91	0.81	0.88	0.96	0.98	0.49
D	403	0.95	0.97	0.48	0.9	0.99	0.98	0.92	0.98	0.93	0.99	0.97	0.88	0.98	0.94	0.95	0.95	0.95	0.97	0.99	0.98
K	404	0.99	0.99	1.0	0.99	1.0	0.99	0.97	1.0	0.32	1.0	0.99	0.98	0.99	0.96	0.61	0.99	0.99	1.0	0.99	0.99
I	405	0.94	0.87	0.99	0.99	0.8	0.98	0.96	0.45	0.99	0.54	0.65	0.98	0.98	0.98	0.97	0.97	0.91	0.63	0.92	0.92
R	406	1.0	1.0	1.0	1.0	1.0	1.0	1.0	1.0	0.99	1.0	1.0	1.0	1.0	1.0	0.37	1.0	1.0	1.0	1.0	1.0
I	407	0.91	0.9	1.0	0.99	0.93	0.99	0.98	0.52	0.99	0.56	0.82	0.99	0.99	0.99	0.99	0.98	0.96	0.72	0.96	0.94
I	408	0.96	0.97	1.0	1.0	0.98	1.0	1.0	0.45	1.0	0.84	0.95	1.0	1.0	1.0	1.0	1.0	0.98	0.84	0.99	0.99
L	409	0.64	0.85	0.99	0.99	0.86	0.96	0.96	0.7	0.98	0.45	0.4	0.97	0.98	0.98	0.98	0.96	0.91	0.77	0.9	0.9
L	410	0.96	0.87	1.0	0.99	0.93	0.99	0.98	0.5	0.99	0.44	0.85	0.99	0.99	0.99	0.99	0.98	0.96	0.68	0.96	0.96
Y	411	0.99	0.99	1.0	1.0	0.96	1.0	1.0	0.99	1.0	0.99	0.99	1.0	1.0	1.0	1.0	1.0	1.0	0.99	0.96	0.69
I	412	0.79	0.84	0.99	0.99	0.77	0.96	0.95	0.37	0.98	0.76	0.77	0.97	0.98	0.98	0.98	0.95	0.87	0.75	0.91	0.91
F	413	0.78	0.64	0.99	0.99	0.49	0.9	0.94	0.56	0.98	0.58	0.49	0.97	0.97	0.95	0.97	0.89	0.85	0.64	0.89	0.86
L	414	0.25	0.06	0.7	0.6	0.09	0.23	0.09	0.09	0.5	0.19	0.2	0.25	0.6	0.44	0.56	0.13	0.09	0.18	0.25	0.07
K	415	0.64	0.31	0.61	0.54	0.83	0.71	0.4	0.52	0.2	0.76	0.43	0.4	0.8	0.31	0.23	0.59	0.54	0.72	0.82	0.37
N	416	0.67	0.41	0.18	0.43	0.91	0.49	0.6	0.91	0.51	0.89	0.8	0.11	0.9	0.47	0.6	0.68	0.71	0.9	0.86	0.65
G	417	0.93	0.98	0.94	0.88	0.99	0.19	0.79	0.99	0.82	0.98	0.96	0.93	0.99	0.9	0.92	0.95	0.94	0.98	0.98	0.98
I	418	0.42	0.41	0.93	0.94	0.23	0.31	0.65	0.14	0.84	0.23	0.15	0.82	0.84	0.82	0.8	0.67	0.31	0.15	0.27	0.45
T	419	0.25	0.47	0.17	0.14	0.36	0.45	0.26	0.25	0.14	0.44	0.23	0.22	0.17	0.11	0.21	0.13	0.07	0.22	0.47	0.43
E	420	0.34	0.72	0.15	0.1	0.64	0.38	0.44	0.79	0.36	0.77	0.46	0.37	0.44	0.23	0.44	0.38	0.44	0.7	0.76	0.68
E	421	0.28	0.62	0.16	0.06	0.73	0.28	0.24	0.73	0.24	0.73	0.59	0.17	0.51	0.26	0.37	0.28	0.31	0.65	0.69	0.55
N	422	0.52	0.76	0.09	0.3	0.83	0.56	0.33	0.81	0.26	0.71	0.69	0.08	0.71	0.34	0.48	0.45	0.46	0.72	0.8	0.71
L	423	0.43	0.43	0.73	0.65	0.26	0.43	0.55	0.38	0.37	0.12	0.41	0.58	0.75	0.61	0.15	0.55	0.48	0.39	0.57	0.53
N	424	0.15	0.17	0.08	0.09	0.41	0.26	0.11	0.47	0.06	0.28	0.19	0.03	0.33	0.06	0.06	0.14	0.1	0.22	0.44	0.36
K	425	0.42	0.63	0.34	0.18	0.75	0.48	0.33	0.69	0.05	0.74	0.3	0.25	0.53	0.21	0.07	0.32	0.36	0.66	0.69	0.62
L	426	0.62	0.46	0.96	0.95	0.36	0.85	0.78	0.23	0.92	0.06	0.23	0.87	0.88	0.89	0.89	0.81	0.48	0.33	0.07	0.62
I	427	0.3	0.15	0.91	0.84	0.13	0.65	0.56	0.06	0.78	0.1	0.04	0.71	0.7	0.69	0.74	0.58	0.33	0.15	0.34	0.08
Q	428	0.19	0.47	0.16	0.08	0.57	0.29	0.11	0.59	0.12	0.59	0.41	0.11	0.4	0.02	0.16	0.22	0.11	0.5	0.54	0.45
H	429	0.42	0.4	0.41	0.36	0.58	0.62	0.02	0.66	0.27	0.47	0.59	0.21	0.71	0.41	0.4	0.44	0.45	0.51	0.76	0.67
A	430	0.03	0.16	0.68	0.63	0.2	0.31	0.36	0.15	0.56	0.17	0.14	0.44	0.54	0.5	0.55	0.29	0.21	0.09	0.25	0.13
Q	431	0.11	0.33	0.08	0.09	0.4	0.06	0.14	0.41	0.04	0.38	0.21	0.04	0.65	0.02	0.03	0.11	0.11	0.3	0.49	0.26
I	432	0.77	0.58	0.98	0.96	0.3	0.96	0.88	0.04	0.95	0.07	0.4	0.94	0.96	0.92	0.93	0.87	0.78	0.17	0.65	0.7
P	433	0.08	0.5	0.16	0.09	0.61	0.31	0.25	0.56	0.17	0.55	0.4	0.2	0.04	0.09	0.22	0.08	0.17	0.45	0.47	0.46
E	435	0.07	0.27	0.04	0.02	0.23	0.1	0.03	0.34	0.04	0.37	0.21	0.03	0.13	0.03	0.06	0.05	0.08	0.25	0.31	0.16
D	436	0.37	0.6	0.06	0.06	0.29	0.33	0.13	0.63	0.24	0.56	0.36	0.26	0.56	0.16	0.31	0.22	0.31	0.56	0.65	0.44
S	437	0.04	0.05	0.05	0.03	0.13	0.06	0.02	0.1	0.01	0.09	0.01	0.04	0.05	0.01	0.02	0.02	0.04	0.03	0.15	0.07
E	438	0.04	0.12	0.02	0.03	0.29	0.1	0.03	0.09	0.03	0.28	0.16	0.02	0.1	0.02	0.05	0.05	0.04	0.14	0.22	0.18
I	439	0.07	0.09	0.79	0.69	0.17	0.53	0.26	0.05	0.65	0.17	0.07	0.58	0.53	0.44	0.61	0.16	0.1	0.13	0.28	0.26
I	440	0.91	0.8	0.99	0.99	0.34	0.98	0.97	0.09	0.99	0.4	0.73	0.98	0.98	0.98	0.98	0.97	0.85	0.26	0.92	0.92
T	441	0.09	0.22	0.03	0.04	0.3	0.13	0.06	0.13	0.04	0.14	0.16	0.02	0.18	0.02	0.02	0.04	0.02	0.14	0.06	0.09
N	442	0.58	0.51	0.66	0.54	0.68	0.66	0.55	0.53	0.49	0.43	0.56	0.03	0.78	0.54	0.61	0.53	0.51	0.47	0.71	0.68
M	443	0.5	0.42	0.95	0.92	0.28	0.69	0.71	0.23	0.89	0.11	0.08	0.84	0.83	0.85	0.7	0.76	0.51	0.35	0.04	0.53
A	444	0.01	0.1	0.02	0.01	0.08	0.05	0.01	0.11	0.02	0.08	0.06	0.02	0.08	0.01	0.01	0.01	0.02	0.03	0.12	0.08
H	445	0.33	0.08	0.5	0.41	0.11	0.45	0.04	0.14	0.25	0.14	0.14	0.17	0.55	0.23	0.27	0.29	0.25	0.18	0.06	0.02
L	446	0.87	0.63	0.98	0.98	0.63	0.9	0.91	0.49	0.97	0.13	0.24	0.95	0.95	0.96	0.96	0.92	0.75	0.59	0.81	0.83
G	447	0.43	0.42	0.5	0.42	0.71	0.04	0.5	0.65	0.44	0.63	0.44	0.39	0.9	0.39	0.51	0.47	0.59	0.62	0.7	0.66
V	448	0.38	0.26	0.79	0.77	0.29	0.58	0.65	0.13	0.68	0.24	0.35	0.69	0.92	0.46	0.55	0.72	0.52	0.06	0.5	0.5
P	449	0.06	0.16	0.06	0.02	0.19	0.24	0.01	0.12	0.03	0.18	0.12	0.01	0.03	0.02	0.01	0.04	0.04	0.11	0.15	0.12
I	450	0.25	0.18	0.49	0.68	0.12	0.4	0.44	0.03	0.65	0.1	0.05	0.54	0.79	0.54	0.57	0.44	0.24	0.03	0.31	0.26
V	451	0.05	0.11	0.13	0.1	0.13	0.08	0.1	0.06	0.11	0.07	0.08	0.05	0.25	0.08	0.1	0.03	0.04	0.04	0.23	0.13
T	452	0.03	0.13	0.05	0.02	0.09	0.03	0.01	0.07	0.01	0.14	0.09	0.01	0.04	0.01	0.02	0.04	0.02	0.09	0.12	0.11
D	453	0.19	0.42	0.03	0.08	0.44	0.21	0.19	0.27	0.09	0.44	0.3	0.13	0.16	0.09	0.15	0.09	0.2	0.32	0.4	0.36
S	454	0.03	0.23	0.06	0.03	0.23	0.05	0.06	0.14	0.03	0.07	0.11	0.04	0.08	0.03	0.04	0.02	0.04	0.11	0.16	0.15
T	455	0.01	0.11	0.03	0.01	0.1	0.02	0.03	0.1	0.01	0.09	0.05	0.01	0.07	0.01	0.02	0.01	0.02	0.05	0.09	0.07
L	456	0.01	0.02	0.0	0.0	0.02	0.01	0.01	0.02	0.0	0.01	0.02	0.0	0.02	0.0	0.0	0.01	0.01	0.01	0.02	0.02
R	457	0.03	0.01	0.03	0.02	0.17	0.05	0.02	0.14	0.01	0.16	0.07	0.02	0.06	0.01	0.01	0.03	0.03	0.1	0.14	0.1
R	458	0.07	0.18	0.06	0.05	0.2	0.2	0.06	0.15	0.01	0.23	0.14	0.06	0.14	0.02	0.02	0.04	0.07	0.15	0.18	0.17
R	459	0.01	0.01	0.02	0.01	0.07	0.06	0.01	0.02	0.01	0.02	0.04	0.02	0.01	0.0	0.02	0.01	0.01	0.02	0.05	0.05
S	460	0.01	0.02	0.02	0.01	0.01	0.03	0.01	0.0	0.01	0.01	0.01	0.01	0.02	0.01	0.01	0.01	0.01	0.01	0.0	0.0
K	461	0.03	0.13	0.04	0.03	0.14	0.16	0.03	0.13	0.01	0.1	0.09	0.02	0.09	0.02	0.01	0.02	0.02	0.06	0.11	0.09
P	462	0.02	0.03	0.11	0.07	0.01	0.12	0.06	0.02	0.02	0.03	0.03	0.08	0.01	0.05	0.09	0.08	0.03	0.01	0.03	0.03
E	463	0.02	0.05	0.01	0.01	0.06	0.08	0.01	0.03	0.01	0.01	0.04	0.01	0.01	0.01	0.02	0.02	0.01	0.02	0.05	0.01
R	464	0.17	0.49	0.33	0.17	0.55	0.24	0.19	0.59	0.12	0.5	0.28	0.21	0.71	0.09	0.01	0.23	0.26	0.44	0.46	0.19
K	465	0.27	0.62	0.4	0.27	0.68	0.71	0.36	0.45	0.05	0.58	0.41	0.37	0.65	0.27	0.14	0.4	0.18	0.53	0.59	0.21
E	466	0.06	0.17	0.02	0.01	0.07	0.2	0.05	0.16	0.04	0.14	0.13	0.04	0.07	0.02	0.05	0.06	0.06	0.09	0.17	0.06
R	467	0.59	0.64	0.55	0.43	0.66	0.24	0.54	0.78	0.34	0.84	0.68	0.54	0.81	0.44	0.05	0.27	0.59	0.7	0.6	0.74
I	468	0.05	0.18	0.08	0.04	0.21	0.18	0.09	0.02	0.06	0.09	0.12	0.07	0.09	0.04	0.1	0.04	0.1	0.06	0.19	0.06
S	469	0.01	0.14	0.02	0.02	0.19	0.01	0.02	0.15	0.02	0.07	0.07	0.02	0.07	0.01	0.02	0.02	0.01	0.07	0.04	0.1
E	470	0.06	0.33	0.08	0.01	0.4	0.21	0.12	0.31	0.07	0.33	0.2	0.06	0.37	0.04	0.1	0.11	0.12	0.13	0.31	0.26
Q	471	0.11	0.28	0.04	0.03	0.14	0.28	0.11	0.32	0.09	0.29	0.16	0.07	0.26	0.02	0.12	0.07	0.07	0.14	0.3	0.09
T	472	0.09	0.24	0.08	0.05	0.35	0.42	0.14	0.29	0.08	0.39	0.23	0.13	0.16	0.09	0.13	0.12	0.03	0.11	0.34	0.3
Y	473	0.79	0.66	0.98	0.95	0.25	0.97	0.9	0.49	0.95	0.65	0.62	0.94	0.97	0.93	0.93	0.83	0.71	0.48	0.16	0.06
Q	474	0.21	0.67	0.13	0.1	0.67	0.49	0.34	0.46	0.24	0.59	0.15	0.28	0.69	0.04	0.3	0.29	0.32	0.52	0.6	0.53
L	475	0.44	0.27	0.89	0.81	0.22	0.83	0.46	0.13	0.78	0.05	0.09	0.45	0.94	0.7	0.72	0.42	0.17	0.13	0.35	0.35
S	476	0.32	0.15	0.74	0.64	0.5	0.33	0.61	0.25	0.39	0.62	0.26	0.56	0.88	0.37	0.68	0.05	0.47	0.55	0.54	0.54
R	477	0.91	0.93	0.96	0.89	0.95	0.97	0.85	0.9	0.67	0.93	0.63	0.91	0.99	0.71	0.06	0.93	0.78	0.91	0.87	0.93
W	478	1.0	0.99	1.0	1.0	0.89	1.0	0.98	0.99	1.0	0.99	0.99	1.0	1.0	1.0	1.0	1.0	0.99	0.99	0.4	0.79
T	479	0.37	0.6	0.43	0.18	0.39	0.26	0.19	0.23	0.27	0.59	0.49	0.21	0.8	0.1	0.34	0.49	0.06	0.21	0.6	0.19
P	480	0.91	0.9	0.99	0.99	0.99	0.98	0.99	0.99	0.99	0.99	0.99	0.92	0.07	0.99	0.99	0.93	0.93	0.98	0.99	0.99
I	481	0.16	0.29	0.82	0.62	0.1	0.53	0.55	0.15	0.53	0.2	0.14	0.55	0.24	0.62	0.37	0.53	0.35	0.08	0.38	0.15
I	482	0.93	0.87	1.0	0.99	0.78	0.98	0.98	0.16	0.99	0.37	0.72	0.99	0.98	0.99	0.99	0.98	0.83	0.28	0.94	0.94
K	483	0.68	0.88	0.73	0.49	0.93	0.78	0.62	0.86	0.17	0.91	0.86	0.63	0.86	0.46	0.35	0.71	0.69	0.9	0.91	0.88
D	484	0.52	0.75	0.09	0.3	0.84	0.62	0.39	0.8	0.41	0.75	0.64	0.34	0.7	0.35	0.42	0.34	0.33	0.62	0.8	0.23
I	485	0.81	0.67	0.98	0.97	0.68	0.92	0.87	0.16	0.96	0.53	0.21	0.94	0.78	0.94	0.94	0.9	0.68	0.41	0.72	0.73
M	486	0.71	0.53	0.98	0.97	0.64	0.91	0.86	0.25	0.96	0.23	0.09	0.92	0.93	0.94	0.92	0.88	0.61	0.3	0.74	0.75
E	487	0.5	0.78	0.5	0.09	0.86	0.65	0.31	0.85	0.41	0.83	0.59	0.45	0.75	0.26	0.43	0.53	0.44	0.8	0.8	0.7
D	488	0.3	0.65	0.05	0.18	0.73	0.49	0.24	0.63	0.18	0.71	0.56	0.22	0.56	0.17	0.25	0.22	0.35	0.64	0.7	0.52
T	489	0.02	0.01	0.55	0.46	0.02	0.21	0.01	0.02	0.37	0.02	0.03	0.27	0.31	0.14	0.31	0.16	0.09	0.04	0.08	0.03
I	490	0.28	0.12	0.72	0.88	0.22	0.72	0.62	0.08	0.86	0.35	0.35	0.74	0.84	0.81	0.83	0.53	0.49	0.21	0.52	0.43
E	491	0.13	0.34	0.07	0.07	0.61	0.56	0.18	0.61	0.07	0.46	0.39	0.18	0.61	0.13	0.14	0.18	0.26	0.33	0.49	0.38
D	492	0.31	0.59	0.05	0.2	0.66	0.06	0.22	0.67	0.17	0.64	0.52	0.05	0.75	0.14	0.22	0.33	0.36	0.55	0.73	0.39
K	493	0.15	0.43	0.14	0.07	0.3	0.06	0.12	0.59	0.04	0.46	0.13	0.1	0.78	0.11	0.04	0.17	0.08	0.32	0.43	0.36
L	494	0.64	0.37	0.95	0.91	0.3	0.93	0.58	0.34	0.89	0.05	0.44	0.85	0.93	0.84	0.84	0.77	0.67	0.31	0.53	0.52
D	495	0.52	0.75	0.05	0.29	0.84	0.8	0.35	0.8	0.4	0.81	0.69	0.37	0.32	0.33	0.35	0.32	0.57	0.73	0.75	0.74
T	496	0.04	0.21	0.07	0.02	0.14	0.2	0.06	0.18	0.02	0.16	0.09	0.06	0.07	0.01	0.02	0.03	0.03	0.13	0.18	0.16
K	497	0.19	0.51	0.12	0.09	0.58	0.43	0.13	0.52	0.04	0.4	0.13	0.14	0.58	0.12	0.16	0.12	0.11	0.38	0.48	0.43
H	498	0.26	0.61	0.32	0.12	0.76	0.6	0.09	0.43	0.31	0.5	0.44	0.42	0.81	0.25	0.27	0.46	0.3	0.4	0.49	0.28
Y	499	0.99	0.96	1.0	1.0	0.05	0.98	0.92	0.93	1.0	0.86	0.97	0.99	1.0	0.99	1.0	0.99	0.99	0.98	0.04	0.14
P	500	0.79	0.87	0.76	0.69	0.91	0.89	0.61	0.87	0.74	0.87	0.86	0.75	0.04	0.69	0.79	0.67	0.82	0.84	0.89	0.88
Y	501	0.59	0.1	0.86	0.83	0.13	0.88	0.45	0.37	0.86	0.39	0.43	0.81	0.83	0.74	0.85	0.59	0.5	0.47	0.37	0.07
I	502	0.23	0.04	0.69	0.76	0.13	0.77	0.51	0.04	0.71	0.05	0.06	0.72	0.82	0.48	0.63	0.58	0.19	0.04	0.21	0.27
S	503	0.03	0.17	0.08	0.03	0.03	0.02	0.03	0.05	0.02	0.15	0.11	0.01	0.29	0.01	0.02	0.02	0.04	0.14	0.16	0.15
T	504	0.02	0.04	0.0	0.01	0.11	0.01	0.02	0.08	0.01	0.08	0.04	0.01	0.02	0.0	0.01	0.02	0.02	0.05	0.07	0.06
R	505	0.07	0.02	0.07	0.06	0.36	0.26	0.06	0.23	0.06	0.17	0.13	0.1	0.03	0.06	0.03	0.08	0.11	0.16	0.27	0.14
R	532	0.16	0.47	0.16	0.08	0.28	0.56	0.15	0.37	0.06	0.42	0.4	0.18	0.3	0.13	0.04	0.25	0.2	0.34	0.47	0.3
S	533	0.08	0.03	0.09	0.06	0.29	0.19	0.09	0.32	0.05	0.19	0.06	0.02	0.05	0.07	0.05	0.04	0.03	0.23	0.26	0.17
G	534	0.46	0.83	0.55	0.39	0.88	0.04	0.41	0.84	0.28	0.78	0.68	0.34	0.92	0.28	0.14	0.47	0.46	0.58	0.87	0.72
P	535	0.48	0.75	0.34	0.29	0.8	0.8	0.38	0.72	0.27	0.75	0.58	0.36	0.11	0.1	0.22	0.38	0.5	0.56	0.7	0.61
R	536	0.93	0.97	0.92	0.88	0.98	0.88	0.85	0.98	0.42	0.93	0.96	0.84	0.98	0.83	0.15	0.92	0.87	0.94	0.98	0.98
L	537	0.52	0.59	0.96	0.95	0.4	0.72	0.81	0.35	0.9	0.16	0.32	0.83	0.96	0.86	0.92	0.8	0.73	0.39	0.82	0.75
I	538	0.97	0.89	1.0	1.0	0.66	0.99	0.98	0.25	0.99	0.74	0.68	0.99	1.0	0.99	0.99	0.99	0.97	0.77	0.96	0.97
I	539	0.77	0.6	0.98	0.98	0.56	0.89	0.91	0.23	0.97	0.56	0.72	0.94	0.98	0.96	0.97	0.94	0.87	0.13	0.91	0.88
F	540	1.0	1.0	1.0	1.0	0.31	1.0	0.99	1.0	1.0	1.0	1.0	1.0	1.0	1.0	1.0	1.0	1.0	0.99	0.98	0.86
I	541	0.81	0.72	0.98	0.97	0.43	0.86	0.91	0.14	0.97	0.53	0.35	0.94	0.98	0.95	0.96	0.93	0.85	0.1	0.9	0.89
L	542	0.15	0.23	0.91	0.9	0.51	0.83	0.7	0.11	0.87	0.28	0.23	0.73	0.79	0.81	0.84	0.63	0.62	0.2	0.58	0.62
G	543	1.0	1.0	1.0	1.0	1.0	0.23	1.0	1.0	1.0	1.0	1.0	1.0	1.0	1.0	1.0	1.0	1.0	1.0	1.0	1.0
G	544	0.99	0.99	1.0	1.0	1.0	0.31	1.0	1.0	1.0	1.0	1.0	1.0	1.0	1.0	1.0	0.99	1.0	1.0	1.0	1.0
V	545	0.27	0.56	0.97	0.95	0.62	0.79	0.82	0.17	0.94	0.53	0.2	0.89	0.96	0.92	0.93	0.86	0.75	0.22	0.83	0.85
S	546	0.23	0.01	0.75	0.69	0.53	0.53	0.61	0.48	0.67	0.51	0.14	0.55	0.56	0.62	0.69	0.09	0.01	0.44	0.56	0.61
L	547	0.11	0.11	0.46	0.38	0.02	0.37	0.05	0.11	0.34	0.14	0.05	0.3	0.19	0.31	0.07	0.27	0.16	0.1	0.18	0.0
N	548	0.08	0.25	0.28	0.22	0.41	0.19	0.23	0.37	0.21	0.25	0.29	0.14	0.18	0.21	0.27	0.01	0.11	0.26	0.42	0.38
E	549	1.0	1.0	0.99	0.42	1.0	1.0	1.0	1.0	1.0	1.0	1.0	1.0	1.0	1.0	1.0	1.0	1.0	1.0	0.98	1.0
M	550	0.85	0.53	0.99	0.99	0.87	0.97	0.97	0.68	0.99	0.78	0.24	0.98	0.98	0.98	0.98	0.96	0.91	0.61	0.92	0.91
R	551	0.97	0.84	0.97	0.9	0.99	0.97	0.92	0.99	0.81	0.99	0.97	0.95	0.98	0.88	0.16	0.96	0.96	0.98	0.98	0.98
C	552	0.43	0.06	0.73	0.67	0.81	0.87	0.77	0.64	0.75	0.81	0.72	0.77	0.88	0.58	0.81	0.52	0.53	0.48	0.78	0.81
A	553	0.07	0.03	0.9	0.86	0.27	0.56	0.56	0.07	0.8	0.27	0.16	0.71	0.74	0.74	0.75	0.45	0.4	0.07	0.37	0.37
Y	554	0.93	0.94	0.98	0.96	0.95	0.98	0.75	0.95	0.96	0.97	0.94	0.95	0.98	0.96	0.9	0.96	0.94	0.95	0.97	0.23
E	555	0.59	0.79	0.49	0.09	0.85	0.47	0.5	0.85	0.27	0.81	0.75	0.44	0.72	0.22	0.42	0.53	0.41	0.76	0.81	0.75
V	556	0.75	0.67	0.98	0.97	0.38	0.93	0.89	0.49	0.96	0.36	0.51	0.92	0.94	0.93	0.95	0.9	0.8	0.18	0.77	0.76
T	557	0.35	0.27	0.52	0.49	0.75	0.47	0.5	0.61	0.44	0.78	0.35	0.44	0.75	0.4	0.47	0.15	0.13	0.69	0.75	0.67
Q	558	0.18	0.55	0.21	0.16	0.68	0.34	0.22	0.67	0.12	0.68	0.46	0.07	0.48	0.05	0.17	0.14	0.17	0.58	0.62	0.53
A	559	0.03	0.25	0.05	0.03	0.35	0.15	0.03	0.3	0.03	0.18	0.17	0.06	0.2	0.03	0.04	0.06	0.05	0.2	0.29	0.19
N	560	0.16	0.08	0.27	0.16	0.21	0.33	0.03	0.18	0.11	0.03	0.05	0.1	0.38	0.17	0.15	0.13	0.04	0.13	0.21	0.09
K	562	0.47	0.74	0.43	0.29	0.78	0.31	0.28	0.74	0.15	0.74	0.58	0.1	0.71	0.18	0.3	0.2	0.44	0.65	0.71	0.63
W	563	0.97	0.74	0.99	0.99	0.97	1.0	0.98	0.9	0.94	0.94	0.96	0.98	1.0	0.97	0.86	0.98	0.98	0.93	0.25	0.97
E	564	0.75	0.92	0.1	0.14	0.96	0.63	0.65	0.96	0.62	0.93	0.9	0.34	0.86	0.57	0.7	0.71	0.78	0.88	0.96	0.95
V	565	0.62	0.74	0.99	0.98	0.37	0.92	0.94	0.14	0.98	0.64	0.72	0.96	0.98	0.97	0.98	0.95	0.86	0.08	0.94	0.95
L	566	0.43	0.31	0.88	0.84	0.09	0.48	0.53	0.05	0.8	0.1	0.23	0.67	0.86	0.73	0.76	0.62	0.44	0.09	0.54	0.08
I	567	0.63	0.61	0.97	0.95	0.54	0.79	0.82	0.1	0.94	0.18	0.56	0.89	0.96	0.91	0.93	0.69	0.78	0.48	0.83	0.85
G	568	0.98	0.98	0.99	1.0	1.0	0.12	1.0	1.0	1.0	1.0	1.0	0.99	1.0	1.0	1.0	0.96	0.99	1.0	1.0	1.0
S	569	0.49	0.62	0.64	0.6	0.92	0.03	0.5	0.94	0.62	0.9	0.76	0.57	0.88	0.59	0.7	0.1	0.49	0.9	0.77	0.92
T	570	0.58	0.66	0.46	0.42	0.82	0.86	0.43	0.72	0.37	0.78	0.68	0.56	0.88	0.44	0.55	0.25	0.1	0.73	0.31	0.75
H	571	0.85	0.67	0.81	0.8	0.97	0.71	0.16	0.97	0.83	0.97	0.73	0.79	0.98	0.78	0.82	0.59	0.87	0.95	0.91	0.93
I	572	0.76	0.54	0.97	0.95	0.34	0.94	0.83	0.14	0.94	0.33	0.21	0.89	0.98	0.91	0.84	0.86	0.63	0.3	0.71	0.71
L	573	0.63	0.55	0.53	0.87	0.49	0.68	0.72	0.42	0.87	0.14	0.5	0.78	0.83	0.84	0.87	0.63	0.65	0.4	0.52	0.72
T	574	0.52	0.77	0.5	0.48	0.87	0.61	0.51	0.76	0.44	0.73	0.61	0.6	0.91	0.42	0.52	0.41	0.09	0.55	0.74	0.79
P	575	0.96	0.97	0.96	0.97	0.99	0.97	0.91	0.99	0.96	0.99	0.99	0.96	0.09	0.96	0.97	0.95	0.96	0.98	0.99	0.99
Q	576	0.13	0.22	0.09	0.06	0.37	0.15	0.06	0.41	0.04	0.37	0.31	0.07	0.06	0.07	0.08	0.06	0.05	0.24	0.18	0.3
K	577	0.08	0.31	0.05	0.06	0.35	0.06	0.08	0.28	0.05	0.16	0.22	0.06	0.27	0.02	0.06	0.08	0.09	0.25	0.37	0.29
L	578	0.24	0.1	0.77	0.7	0.0	0.39	0.31	0.06	0.6	0.08	0.04	0.46	0.49	0.52	0.52	0.25	0.19	0.08	0.09	0.02
L	579	0.65	0.31	0.96	0.94	0.38	0.81	0.76	0.13	0.91	0.09	0.24	0.86	0.87	0.88	0.89	0.76	0.54	0.15	0.59	0.53
D	580	0.17	0.4	0.06	0.07	0.64	0.32	0.22	0.54	0.14	0.6	0.31	0.12	0.47	0.11	0.1	0.17	0.09	0.51	0.57	0.48
T	581	0.04	0.16	0.01	0.03	0.21	0.04	0.05	0.22	0.03	0.14	0.14	0.02	0.11	0.02	0.06	0.03	0.04	0.15	0.12	0.07
L	582	0.69	0.4	0.96	0.94	0.3	0.86	0.76	0.15	0.91	0.08	0.16	0.87	0.88	0.88	0.75	0.78	0.58	0.22	0.59	0.58
K	583	0.11	0.08	0.17	0.1	0.58	0.18	0.13	0.55	0.06	0.49	0.38	0.09	0.36	0.09	0.06	0.13	0.21	0.38	0.51	0.37
K	584	0.03	0.14	0.01	0.01	0.17	0.01	0.02	0.22	0.02	0.08	0.01	0.02	0.48	0.02	0.03	0.02	0.03	0.1	0.11	0.11
L	585	0.27	0.21	0.82	0.72	0.14	0.73	0.49	0.05	0.68	0.02	0.06	0.69	0.57	0.58	0.37	0.54	0.33	0.12	0.24	0.28
N	586	0.08	0.27	0.04	0.04	0.29	0.11	0.05	0.3	0.05	0.33	0.21	0.03	0.41	0.06	0.06	0.06	0.07	0.13	0.27	0.21
K	587	0.09	0.23	0.1	0.09	0.17	0.24	0.07	0.23	0.04	0.29	0.13	0.13	0.33	0.06	0.07	0.11	0.08	0.14	0.31	0.23
T	588	0.03	0.1	0.02	0.02	0.13	0.07	0.02	0.06	0.01	0.06	0.06	0.03	0.01	0.01	0.02	0.02	0.02	0.06	0.08	0.04
D	589	0.03	0.07	0.01	0.01	0.11	0.04	0.01	0.11	0.01	0.04	0.05	0.01	0.03	0.01	0.01	0.01	0.02	0.05	0.08	0.06
E	590	0.02	0.05	0.01	0.01	0.09	0.01	0.01	0.07	0.01	0.07	0.03	0.01	0.03	0.01	0.01	0.01	0.02	0.05	0.07	0.02
E	591	0.01	0.03	0.01	0.01	0.04	0.02	0.01	0.02	0.01	0.05	0.02	0.01	0.02	0.01	0.0	0.01	0.01	0.01	0.04	0.03
I	592	0.04	0.01	0.11	0.13	0.01	0.02	0.05	0.01	0.1	0.01	0.02	0.08	0.02	0.08	0.04	0.05	0.03	0.01	0.03	0.03
