	WT	Pos	A	C	D	E	F	G	H	I	K	L	M	N	P	Q	R	S	T	V	W	Y	Name
1	I	19	0.77	0.58	0.98	0.97	0.62	0.85	0.93	0.2	0.96	0.51	0.66	0.94	0.88	0.94	0.95	0.89	0.78	0.39	0.81	0.9	I19
2	K	20	0.42	0.64	0.39	0.42	0.71	0.27	0.28	0.74	0.22	0.75	0.62	0.25	0.57	0.22	0.09	0.49	0.41	0.74	0.48	0.57	K20
3	K	21	0.19	0.34	0.14	0.21	0.41	0.13	0.17	0.48	0.21	0.53	0.38	0.11	0.26	0.13	0.23	0.05	0.19	0.47	0.29	0.26	K21
4	V	22	0.57	0.26	0.86	0.82	0.37	0.5	0.58	0.33	0.64	0.42	0.31	0.66	0.75	0.71	0.63	0.54	0.54	0.18	0.34	0.53	V22
5	K	23	0.57	0.72	0.45	0.48	0.76	0.41	0.43	0.81	0.2	0.83	0.75	0.42	0.58	0.46	0.39	0.63	0.51	0.81	0.6	0.68	K23
6	K	24	0.59	0.46	0.57	0.57	0.76	0.33	0.46	0.8	0.23	0.83	0.75	0.52	0.57	0.5	0.38	0.63	0.52	0.81	0.61	0.69	K24
7	K	25	0.17	0.32	0.03	0.07	0.41	0.15	0.08	0.32	0.14	0.5	0.37	0.1	0.21	0.13	0.2	0.2	0.18	0.43	0.28	0.28	K25
8	G	26	0.41	0.41	0.46	0.37	0.71	0.19	0.48	0.71	0.48	0.72	0.62	0.42	0.28	0.37	0.46	0.35	0.33	0.64	0.7	0.63	G26
9	E	27	0.55	0.75	0.45	0.28	0.82	0.27	0.56	0.86	0.56	0.85	0.76	0.34	0.69	0.59	0.53	0.5	0.59	0.75	0.73	0.74	E27
10	W	28	0.99	0.99	1	1	0.97	1	0.99	0.99	1	0.99	0.99	1	1	1	1	0.99	0.99	0.99	0.64	0.97	W28
11	K	29	0.89	0.89	0.91	0.92	0.98	0.82	0.85	0.98	0.27	0.98	0.97	0.82	0.9	0.85	0.7	0.9	0.87	0.97	0.94	0.97	K29
12	V	30	0.83	0.79	0.99	0.99	0.88	0.94	0.98	0.68	0.99	0.93	0.93	0.98	0.97	0.99	0.99	0.95	0.92	0.3	0.96	0.98	V30
13	L	31	0.97	0.93	1	1	0.84	0.98	0.99	0.85	1	0.38	0.78	0.99	0.98	0.99	0.99	0.99	0.97	0.9	0.95	0.97	L31
14	V	32	0.89	0.69	0.99	0.99	0.85	0.95	0.97	0.23	0.99	0.63	0.81	0.97	0.96	0.98	0.98	0.95	0.89	0.35	0.92	0.96	V32
15	V	33	0.71	0.47	0.96	0.95	0.49	0.79	0.84	0.62	0.94	0.41	0.11	0.88	0.84	0.9	0.9	0.77	0.71	0.34	0.66	0.55	V33
16	D	34	0.98	0.99	0.58	0.96	1	0.97	0.99	1	0.99	1	1	0.97	0.98	0.98	0.99	0.98	0.99	1	1	1	D34
17	Q	35	0.57	0.74	0.57	0.49	0.72	0.42	0.09	0.71	0.28	0.82	0.77	0.45	0.69	0.38	0.28	0.49	0.46	0.8	0.66	0.7	Q35
18	L	36	0.07	0.11	0.08	0.06	0.09	0.07	0.07	0.39	0.09	0.24	0.21	0.07	0.01	0.1	0.12	0.07	0.04	0.15	0.22	0.27	L36
19	S	37	0.48	0.17	0.79	0.74	0.59	0.18	0.64	0.63	0.75	0.69	0.44	0.7	0.66	0.69	0.65	0.18	0.23	0.49	0.51	0.62	S37
20	M	38	0.52	0.53	0.86	0.8	0.77	0.66	0.79	0.69	0.85	0.78	0.22	0.78	0.76	0.7	0.85	0.62	0.34	0.53	0.8	0.82	M38
21	R	39	0.55	0.68	0.58	0.69	0.85	0.44	0.72	0.9	0.55	0.9	0.85	0.61	0.57	0.63	0.37	0.56	0.54	0.81	0.54	0.81	R39
22	M	40	0.42	0.25	0.9	0.87	0.44	0.59	0.71	0.06	0.88	0.38	0.18	0.67	0.44	0.85	0.84	0.63	0.28	0.23	0.55	0.61	M40
23	L	41	0.75	0.56	0.96	0.96	0.59	0.82	0.9	0.29	0.95	0.18	0.32	0.92	0.84	0.93	0.94	0.86	0.75	0.32	0.75	0.83	L41
24	S	42	0.55	0.75	0.66	0.76	0.87	0.41	0.77	0.91	0.82	0.92	0.87	0.66	0.78	0.77	0.77	0.12	0.78	0.86	0.8	0.84	S42
25	S	43	0.36	0.36	0.65	0.59	0.38	0.33	0.34	0.45	0.61	0.47	0.29	0.56	0.11	0.47	0.5	0.11	0.49	0.43	0.36	0.28	S43
26	C	44	0.93	0.33	0.99	0.99	0.88	0.9	0.97	0.89	0.99	0.92	0.93	0.97	0.97	0.98	0.98	0.94	0.95	0.84	0.93	0.94	C44
27	C	45	0.93	0.37	0.99	0.98	0.75	0.91	0.95	0.81	0.98	0.87	0.85	0.97	0.96	0.97	0.97	0.96	0.9	0.88	0.88	0.77	C45
28	K	46	0.51	0.6	0.59	0.62	0.86	0.41	0.44	0.87	0.21	0.83	0.83	0.54	0.61	0.53	0.37	0.41	0.29	0.81	0.77	0.81	K46
29	M	47	0.71	0.6	0.93	0.92	0.76	0.8	0.87	0.59	0.9	0.77	0.16	0.88	0.71	0.79	0.92	0.82	0.64	0.54	0.82	0.84	M47
30	T	48	0.12	0.27	0.24	0.18	0.24	0.05	0.09	0.5	0.12	0.52	0.32	0.15	0.18	0.16	0.19	0.03	0.16	0.47	0.3	0.32	T48
31	D	49	0.64	0.82	0.19	0.37	0.86	0.71	0.61	0.9	0.64	0.78	0.82	0.48	0.78	0.52	0.63	0.68	0.73	0.86	0.76	0.75	D49
32	I	50	0.61	0.41	0.95	0.82	0.49	0.72	0.83	0.15	0.91	0.32	0.47	0.87	0.77	0.86	0.88	0.76	0.54	0.43	0.64	0.8	I50
33	M	51	0.38	0.31	0.83	0.8	0.44	0.58	0.68	0.44	0.8	0.14	0.15	0.72	0.64	0.79	0.49	0.57	0.31	0.41	0.57	0.63	M51
34	T	52	0.03	0.2	0.05	0.04	0.24	0.05	0.08	0.32	0.07	0.26	0.18	0.08	0.17	0.04	0.09	0.14	0.12	0.31	0.18	0.18	T52
35	E	53	0.4	0.29	0.54	0.21	0.86	0.4	0.38	0.88	0.5	0.81	0.65	0.37	0.56	0.52	0.54	0.48	0.47	0.81	0.81	0.82	E53
36	G	54	0.85	0.81	0.78	0.63	0.93	0.17	0.82	0.93	0.76	0.93	0.91	0.75	0.86	0.74	0.81	0.84	0.79	0.91	0.92	0.89	G54
37	I	55	0.8	0.58	0.99	0.98	0.85	0.92	0.97	0.13	0.98	0.75	0.75	0.97	0.93	0.97	0.98	0.94	0.8	0.18	0.91	0.95	I55
38	T	56	0.54	0.59	0.8	0.75	0.47	0.43	0.65	0.66	0.74	0.75	0.63	0.72	0.76	0.7	0.6	0.58	0.16	0.7	0.63	0.41	T56
39	I	57	0.3	0.24	0.9	0.85	0.38	0.52	0.66	0.15	0.82	0.22	0.4	0.73	0.6	0.74	0.77	0.45	0.41	0.23	0.41	0.58	I57
40	V	58	0.7	0.51	0.92	0.89	0.23	0.63	0.23	0.47	0.86	0.51	0.49	0.76	0.83	0.8	0.75	0.74	0.66	0.16	0.36	0.37	V58
41	E	59	0.39	0.47	0.5	0.19	0.64	0.42	0.61	0.82	0.61	0.7	0.65	0.45	0.57	0.59	0.62	0.44	0.45	0.65	0.75	0.78	E59
42	D	60	0.45	0.69	0.26	0.55	0.9	0.51	0.62	0.88	0.53	0.68	0.83	0.41	0.52	0.5	0.53	0.45	0.53	0.8	0.83	0.83	D60
43	I	61	0.67	0.49	0.95	0.93	0.75	0.76	0.86	0.15	0.72	0.54	0.67	0.88	0.81	0.88	0.88	0.8	0.67	0.47	0.74	0.86	I61
44	N	62	0.39	0.6	0.37	0.35	0.38	0.38	0.33	0.72	0.4	0.72	0.5	0.2	0.4	0.39	0.45	0.49	0.45	0.66	0.48	0.37	N62
45	K	63	0.24	0.36	0.29	0.22	0.72	0.24	0.25	0.73	0.1	0.72	0.49	0.15	0.32	0.16	0.22	0.15	0.22	0.53	0.54	0.6	K63
46	R	64	0.3	0.13	0.18	0.27	0.3	0.39	0.23	0.48	0.26	0.42	0.42	0.2	0.24	0.2	0.09	0.28	0.23	0.39	0.32	0.37	R64
47	R	65	0.89	0.89	0.94	0.91	0.98	0.86	0.68	0.98	0.58	0.97	0.96	0.88	0.87	0.81	0.16	0.88	0.87	0.95	0.92	0.96	R65
48	E	66	0.25	0.33	0.24	0.1	0.73	0.22	0.3	0.74	0.33	0.62	0.61	0.23	0.34	0.22	0.38	0.23	0.18	0.63	0.64	0.65	E66
49	P	67	0.66	0.71	0.68	0.62	0.7	0.41	0.61	0.72	0.57	0.82	0.75	0.53	0.14	0.5	0.5	0.57	0.7	0.77	0.65	0.71	P67
50	L	68	0.07	0.04	0.36	0.3	0.1	0.1	0.15	0.02	0.25	0.07	0.04	0.12	0.13	0.15	0.16	0.09	0.07	0.03	0.1	0.15	L68
51	P	69	0.29	0.31	0.41	0.25	0.35	0.4	0.18	0.44	0.24	0.35	0.29	0.22	0.1	0.21	0.14	0.17	0.28	0.43	0.29	0.33	P69
52	S	70	0.19	0.2	0.11	0.16	0.19	0.22	0.04	0.28	0.15	0.23	0.2	0.13	0.25	0.11	0.11	0.05	0.16	0.14	0.05	0.14	S70
53	L	71	0.16	0.13	0.69	0.66	0.14	0.27	0.4	0.18	0.63	0.06	0.07	0.49	0.35	0.55	0.55	0.33	0.18	0.09	0.23	0.31	L71
54	E	72	0.39	0.48	0.29	0.16	0.83	0.31	0.53	0.85	0.36	0.83	0.75	0.27	0.13	0.53	0.47	0.4	0.39	0.77	0.75	0.76	E72
55	A	73	0.08	0.13	0.91	0.91	0.74	0.32	0.8	0.74	0.9	0.84	0.73	0.71	0.73	0.86	0.86	0.62	0.61	0.54	0.69	0.8	A73
56	V	74	0.64	0.35	0.96	0.95	0.62	0.81	0.9	0.08	0.95	0.38	0.56	0.89	0.75	0.93	0.92	0.81	0.64	0.12	0.74	0.86	V74
57	Y	75	0.95	0.81	0.99	0.99	0.87	0.97	0.97	0.98	0.99	0.98	0.97	0.98	0.98	0.99	0.99	0.97	0.96	0.96	0.93	0.43	Y75
58	L	76	0.42	0.24	0.85	0.83	0.03	0.5	0.55	0.22	0.83	0.09	0.25	0.7	0.55	0.73	0.77	0.55	0.4	0.21	0.3	0.23	L76
59	I	77	0.45	0.1	0.92	0.88	0.48	0.58	0.72	0.1	0.85	0.17	0.25	0.78	0.64	0.78	0.8	0.62	0.44	0.16	0.48	0.67	I77
60	T	78	0.1	0.23	0.19	0.1	0.26	0.07	0.07	0.35	0.11	0.24	0.11	0.14	0.22	0.06	0.06	0.05	0.12	0.31	0.2	0.21	T78
61	P	79	0.79	0.78	0.93	0.94	0.88	0.66	0.92	0.95	0.95	0.96	0.94	0.86	0.12	0.93	0.91	0.68	0.86	0.93	0.88	0.92	P79
62	S	80	0.05	0.02	0.08	0.04	0.03	0.09	0.03	0.03	0.05	0.03	0.03	0.06	0.07	0.03	0.02	0.05	0	0.02	0.02	0.03	S80
63	E	81	0.19	0.29	0.16	0.09	0.45	0.25	0.2	0.51	0.13	0.48	0.2	0.14	0.15	0.18	0.19	0.2	0.23	0.35	0.32	0.34	E81
64	K	82	0.19	0.31	0.16	0.09	0.41	0.22	0.14	0.46	0.09	0.49	0.36	0.17	0.34	0.12	0.14	0.24	0.17	0.32	0.25	0.18	K82
65	S	83	0.28	0.29	0.41	0.36	0.38	0.19	0.31	0.46	0.38	0.35	0.39	0.08	0.38	0.33	0.3	0.06	0.26	0.3	0.28	0.36	S83
66	V	84	0.58	0.32	0.94	0.93	0.53	0.72	0.84	0.15	0.92	0.28	0.32	0.85	0.78	0.89	0.87	0.73	0.59	0.06	0.65	0.8	V84
67	H	85	0.23	0.49	0.08	0.14	0.66	0.19	0.3	0.45	0.12	0.55	0.39	0.2	0.34	0.05	0.1	0.23	0.21	0.45	0.43	0.68	H85
68	S	86	0.02	0.01	0.09	0.1	0.13	0.03	0.06	0.09	0.09	0.11	0.05	0.09	0.1	0.06	0.04	0.05	0.06	0.11	0.08	0.08	S86
69	L	87	0.52	0.31	0.91	0.89	0.11	0.64	0.75	0.1	0.89	0.06	0.21	0.82	0.66	0.81	0.85	0.7	0.5	0.17	0.48	0.63	L87
70	I	88	0.13	0.03	0.53	0.62	0.24	0.26	0.41	0.04	0.55	0.14	0.15	0.46	0.33	0.33	0.39	0.3	0.19	0.13	0.22	0.36	I88
71	S	89	0.03	0.03	0.04	0.03	0.13	0.08	0.03	0.16	0.03	0.15	0.09	0.02	0.09	0.02	0.02	0.05	0.07	0.11	0.07	0.05	S89
72	D	90	0.72	0.9	0.12	0.5	0.97	0.65	0.59	0.98	0.83	0.97	0.95	0.67	0.78	0.69	0.87	0.76	0.79	0.95	0.94	0.94	D90
73	F	91	0.52	0.26	0.94	0.92	0.09	0.69	0.71	0.62	0.9	0.37	0.36	0.81	0.67	0.83	0.86	0.7	0.57	0.45	0.5	0.37	F91
74	K	92	0.18	0.38	0.23	0.19	0.45	0.12	0.12	0.35	0.07	0.5	0.23	0.16	0.32	0.08	0.04	0.17	0.21	0.49	0.24	0.32	K92
75	D	93	0.13	0.25	0.09	0.1	0.33	0.03	0.1	0.39	0.07	0.29	0.19	0.05	0.23	0.08	0.05	0.13	0.14	0.21	0.18	0.15	D93
76	P	94	0.09	0.06	0.2	0.11	0.16	0.11	0.11	0.22	0.1	0.24	0.13	0.07	0.1	0.1	0.08	0.14	0.05	0.21	0.13	0.16	P94
77	P	95	0.08	0.12	0.14	0.1	0.15	0.14	0.05	0.21	0.07	0.19	0.15	0.07	0.08	0.08	0.04	0.07	0.12	0.15	0.12	0.08	P95
78	T	96	0.07	0.04	0.14	0.09	0.02	0.14	0.07	0.07	0.11	0.12	0.07	0.12	0.19	0.08	0.05	0.08	0.07	0.1	0.07	0.04	T96
79	A	97	0.05	0.06	0.05	0.04	0.01	0.04	0.03	0.07	0.04	0.08	0.04	0.02	0.02	0.03	0.04	0.05	0.03	0.07	0.03	0.04	A97
80	K	98	0.05	0.1	0.09	0.09	0.29	0.08	0.08	0.29	0.09	0.11	0.14	0.1	0.13	0.11	0.15	0.08	0.02	0.21	0.23	0.26	K98
81	Y	99	0.93	0.91	0.97	0.98	0.87	0.85	0.95	0.99	0.98	0.98	0.98	0.96	0.95	0.98	0.98	0.89	0.94	0.98	0.9	0.21	Y99
82	R	100	0.33	0.53	0.2	0.22	0.6	0.23	0.24	0.65	0.05	0.57	0.51	0.25	0.28	0.18	0.11	0.24	0.33	0.58	0.36	0.45	R100
83	A	101	0.11	0.3	0.38	0.32	0.57	0.13	0.34	0.41	0.32	0.7	0.51	0.21	0.44	0.29	0.34	0.27	0.31	0.58	0.43	0.43	A101
84	A	102	0.09	0.21	0.76	0.77	0.21	0.38	0.53	0.29	0.75	0.46	0.37	0.52	0.6	0.66	0.65	0.55	0.44	0.43	0.32	0.16	A102
85	H	103	0.98	0.96	0.99	1	0.73	0.98	0.38	0.99	0.99	0.98	0.99	0.99	0.98	0.99	0.99	0.98	0.98	0.99	0.85	0.73	H103
86	V	104	0.81	0.53	0.98	0.98	0.74	0.92	0.96	0.14	0.98	0.37	0.67	0.96	0.92	0.97	0.97	0.92	0.81	0.16	0.86	0.93	V104
87	F	105	0.89	0.7	0.98	0.98	0.33	0.93	0.93	0.92	0.97	0.89	0.9	0.79	0.92	0.96	0.95	0.93	0.89	0.85	0.86	0.73	F105
88	F	106	0.99	0.98	1	1	0.38	0.99	0.98	0.99	1	0.97	0.98	1	0.99	1	1	0.99	0.99	0.99	0.94	0.92	F106
89	T	107	0.41	0.54	0.76	0.7	0.53	0.4	0.51	0.48	0.68	0.6	0.55	0.68	0.73	0.63	0.63	0.38	0.18	0.66	0.53	0.57	T107
90	D	108	0.46	0.69	0.26	0.53	0.91	0.5	0.61	0.93	0.58	0.89	0.83	0.34	0.33	0.55	0.57	0.31	0.44	0.84	0.83	0.83	D108
91	S	109	0.19	0.08	0.42	0.32	0.14	0.25	0.23	0.18	0.24	0.23	0.14	0.28	0.15	0.25	0.16	0.14	0.05	0.12	0.16	0.21	S109
92	C	110	0.93	0.39	0.99	0.98	0.89	0.88	0.96	0.76	0.97	0.89	0.9	0.97	0.96	0.97	0.94	0.95	0.94	0.79	0.91	0.93	C110
93	P	111	0.73	0.69	0.81	0.78	0.81	0.76	0.75	0.81	0.74	0.89	0.84	0.68	0.26	0.73	0.72	0.42	0.66	0.86	0.78	0.82	P111
94	D	112	0.46	0.39	0.23	0.14	0.78	0.51	0.35	0.84	0.24	0.76	0.65	0.25	0.58	0.27	0.18	0.51	0.51	0.75	0.6	0.59	D112
95	A	113	0.14	0.29	0.08	0.05	0.26	0.15	0.06	0.37	0.07	0.26	0.2	0.03	0.02	0.05	0.08	0.07	0.12	0.23	0.16	0.18	A113
96	L	114	0.47	0.18	0.65	0.64	0.25	0.5	0.59	0.49	0.69	0.16	0.49	0.65	0.59	0.56	0.75	0.45	0.46	0.44	0.21	0.53	L114
97	F	115	0.85	0.78	0.99	0.99	0.24	0.94	0.94	0.77	0.99	0.66	0.78	0.97	0.93	0.97	0.98	0.94	0.9	0.65	0.85	0.88	F115
98	N	116	0.24	0.48	0.56	0.25	0.63	0.59	0.43	0.67	0.33	0.6	0.54	0.34	0.55	0.31	0.36	0.36	0.47	0.58	0.46	0.57	N116
99	E	117	0.54	0.76	0.4	0.26	0.67	0.39	0.44	0.8	0.51	0.82	0.76	0.41	0.7	0.48	0.45	0.53	0.59	0.83	0.73	0.75	E117
100	L	118	0.56	0.41	0.95	0.93	0.38	0.74	0.82	0.29	0.94	0.16	0.48	0.88	0.77	0.89	0.91	0.69	0.61	0.4	0.62	0.67	L118
101	V	119	0.06	0.04	0.25	0.17	0.2	0.01	0.13	0.26	0.16	0.22	0.23	0.11	0.21	0.12	0.11	0.07	0.16	0.17	0.12	0.23	V119
102	K	120	0.56	0.72	0.57	0.5	0.81	0.64	0.33	0.84	0.29	0.84	0.76	0.52	0.62	0.39	0.24	0.56	0.55	0.73	0.65	0.71	K120
103	S	121	0.45	0.73	0.69	0.69	0.84	0.5	0.7	0.87	0.72	0.88	0.82	0.65	0.73	0.7	0.69	0.16	0.59	0.78	0.76	0.8	S121
104	R	122	0.72	0.64	0.49	0.69	0.87	0.52	0.64	0.88	0.54	0.86	0.84	0.63	0.79	0.61	0.2	0.67	0.7	0.84	0.74	0.8	R122
105	A	123	0.14	0.07	0.25	0.2	0.14	0.19	0.18	0.05	0.24	0.09	0.12	0.16	0.37	0.21	0.25	0.25	0.16	0.05	0.13	0.18	A123
106	A	124	0.14	0.31	0.49	0.39	0.31	0.48	0.36	0.48	0.47	0.39	0.32	0.31	0.4	0.24	0.39	0.19	0.25	0.3	0.33	0.42	A124
107	K	125	0.69	0.74	0.57	0.55	0.83	0.53	0.4	0.86	0.25	0.87	0.83	0.61	0.73	0.48	0.46	0.67	0.7	0.78	0.69	0.76	K125
108	V	126	0.39	0.49	0.68	0.61	0.31	0.41	0.45	0.56	0.47	0.56	0.34	0.28	0.68	0.52	0.3	0.41	0.55	0.25	0.36	0.54	V126
109	I	127	0.57	0.53	0.98	0.96	0.68	0.83	0.92	0.24	0.96	0.73	0.75	0.93	0.87	0.93	0.95	0.86	0.65	0.25	0.81	0.9	I127
110	K	128	0.77	0.85	0.79	0.74	0.9	0.64	0.51	0.91	0.43	0.92	0.88	0.73	0.87	0.66	0.52	0.78	0.76	0.91	0.8	0.84	K128
111	T	129	0.47	0.73	0.71	0.57	0.8	0.35	0.59	0.84	0.56	0.86	0.75	0.57	0.74	0.48	0.49	0.54	0.32	0.76	0.74	0.76	T129
112	L	130	0.62	0.22	0.93	0.92	0.3	0.68	0.79	0.4	0.91	0.23	0.57	0.84	0.75	0.87	0.88	0.74	0.62	0.21	0.64	0.72	L130
113	T	131	0.27	0.53	0.18	0.11	0.51	0.16	0.1	0.63	0.03	0.61	0.39	0.18	0.37	0.06	0.08	0.3	0.33	0.63	0.36	0.11	T131
114	E	132	0.84	0.9	0.58	0.35	0.98	0.75	0.89	0.98	0.9	0.98	0.97	0.76	0.75	0.83	0.91	0.84	0.84	0.94	0.97	0.97	E132
115	I	133	0.51	0.43	0.91	0.88	0.57	0.61	0.77	0.26	0.85	0.75	0.48	0.79	0.72	0.4	0.82	0.59	0.57	0.65	0.64	0.5	I133
116	N	134	0.52	0.72	0.75	0.62	0.67	0.76	0.41	0.91	0.73	0.91	0.86	0.44	0.51	0.7	0.79	0.68	0.71	0.84	0.83	0.54	N134
117	I	135	0.42	0.28	0.93	0.89	0.46	0.36	0.7	0.29	0.86	0.16	0.34	0.79	0.65	0.67	0.81	0.62	0.45	0.3	0.12	0.64	I135
118	A	136	0.21	0.27	0.38	0.55	0.78	0.31	0.61	0.8	0.69	0.84	0.73	0.27	0.65	0.62	0.66	0.52	0.57	0.78	0.68	0.75	A136
119	F	137	1	0.99	1	1	0.4	1	0.98	1	1	0.98	0.99	1	0.99	1	1	1	1	0.99	0.85	0.82	F137
120	L	138	0.65	0.34	0.96	0.94	0.24	0.75	0.85	0.21	0.94	0.21	0.52	0.89	0.79	0.91	0.92	0.79	0.48	0.27	0.69	0.79	L138
121	P	139	0.88	0.83	0.98	0.98	0.93	0.89	0.97	0.95	0.98	0.97	0.96	0.96	0.31	0.98	0.97	0.91	0.93	0.94	0.91	0.96	P139
122	Y	140	0.76	0.56	0.96	0.96	0.8	0.78	0.93	0.8	0.91	0.75	0.8	0.9	0.87	0.92	0.89	0.8	0.71	0.75	0.88	0.59	Y140
123	E	141	0.83	0.91	0.44	0.32	0.98	0.7	0.87	0.98	0.87	0.97	0.97	0.46	0.84	0.81	0.9	0.82	0.83	0.97	0.97	0.96	E141
124	S	142	0.23	0.32	0.4	0.47	0.7	0.15	0.49	0.67	0.56	0.76	0.54	0.38	0.24	0.44	0.48	0.12	0.49	0.52	0.57	0.65	S142
125	Q	143	0.77	0.83	0.54	0.82	0.94	0.65	0.78	0.96	0.81	0.96	0.96	0.75	0.83	0.23	0.8	0.79	0.77	0.94	0.94	0.9	Q143
126	V	144	0.41	0.13	0.89	0.89	0.32	0.25	0.56	0.46	0.86	0.34	0.35	0.72	0.64	0.81	0.77	0.52	0.43	0.12	0.51	0.56	V144
127	Y	145	0.74	0.6	0.97	0.98	0.04	0.87	0.84	0.8	0.97	0.63	0.73	0.91	0.86	0.95	0.95	0.86	0.79	0.69	0.5	0.28	Y145
128	S	146	0.39	0.23	0.69	0.6	0.49	0.3	0.38	0.4	0.6	0.54	0.46	0.5	0.52	0.45	0.5	0.08	0.21	0.31	0.4	0.51	S146
129	L	147	0.5	0.34	0.86	0.83	0.24	0.56	0.53	0.52	0.81	0.1	0.22	0.73	0.62	0.75	0.76	0.6	0.23	0.39	0.46	0.55	L147
130	D	148	0.55	0.57	0.17	0.47	0.85	0.4	0.48	0.9	0.57	0.87	0.8	0.36	0.74	0.48	0.6	0.64	0.71	0.87	0.73	0.75	D148
131	S	149	0.06	0.22	0.07	0.07	0.18	0.1	0.02	0.12	0.08	0.16	0.04	0.04	0.16	0.04	0.07	0.08	0.15	0.13	0.11	0.12	S149
132	A	150	0.04	0.08	0.03	0.02	0.09	0.07	0.03	0.13	0.02	0.09	0.07	0.02	0	0.01	0.03	0.04	0.05	0.11	0.05	0.06	A150
133	D	151	0.07	0.16	0.07	0.07	0.11	0.06	0.01	0.27	0.04	0.19	0.08	0.03	0.09	0.03	0.03	0.06	0.07	0.19	0.11	0.11	D151
134	S	152	0.06	0.08	0.5	0.43	0.36	0.16	0.35	0.25	0.45	0.44	0.33	0.24	0.35	0.38	0.36	0.05	0.17	0.3	0.27	0.38	S152
135	F	153	0.16	0.06	0.54	0.64	0.12	0.24	0.52	0.26	0.59	0.2	0.23	0.48	0.31	0.48	0.54	0.32	0.07	0.18	0.25	0.29	F153
136	Q	154	0.07	0.11	0.16	0.13	0.11	0.1	0.05	0.3	0.1	0.21	0.29	0.11	0.1	0.07	0.09	0.09	0.07	0.15	0.24	0.03	Q154
137	S	155	0.05	0.05	0.04	0.03	0.14	0.04	0.04	0.17	0.05	0.13	0.1	0.02	0.1	0.03	0.03	0.05	0.05	0.09	0.07	0.05	S155
138	F	156	0.38	0.08	0.91	0.87	0.12	0.59	0.65	0.28	0.83	0.09	0.22	0.55	0.52	0.73	0.77	0.57	0.37	0.2	0.21	0.38	F156
139	Y	157	0.75	0.45	0.95	0.95	0.3	0.82	0.71	0.8	0.94	0.75	0.74	0.64	0.82	0.91	0.92	0.74	0.67	0.72	0.32	0.15	Y157
140	S	158	0.12	0.01	0.18	0.26	0.3	0.07	0.1	0.35	0.26	0.31	0.25	0.15	0.22	0.21	0.14	0.05	0.2	0.26	0.2	0.26	S158
141	P	159	0.41	0.45	0.39	0.38	0.51	0.53	0.39	0.51	0.4	0.49	0.54	0.27	0.11	0.34	0.34	0.41	0.39	0.61	0.45	0.51	P159
142	H	160	0.1	0.24	0.14	0.13	0.06	0.11	0.15	0.28	0.11	0.28	0.18	0.12	0.26	0.12	0.15	0.11	0.14	0.24	0.21	0.19	H160
143	K	161	0.05	0.02	0.1	0.09	0.26	0.05	0.1	0.25	0.09	0.41	0.19	0.05	0.08	0.04	0.07	0.06	0.05	0.27	0.26	0.28	K161
144	A	162	0.04	0.03	0.06	0.07	0.07	0.08	0.04	0.06	0.05	0.06	0.06	0.04	0.14	0.04	0.06	0.09	0.04	0.08	0.05	0.07	A162
145	Q	163	0.07	0.21	0.08	0.05	0.28	0.05	0.1	0.34	0.09	0.36	0.3	0.04	0.2	0.07	0.1	0.09	0.08	0.23	0.23	0.24	Q163
146	M	164	0.07	0.11	0.06	0.03	0.15	0.04	0.04	0.15	0.05	0.16	0.06	0.05	0.14	0.06	0.05	0.09	0.05	0.11	0.04	0.11	M164
147	K	165	0.1	0.2	0.14	0.13	0.33	0.09	0.12	0.3	0.07	0.48	0.4	0.14	0.18	0.12	0.04	0.13	0.12	0.42	0.33	0.4	K165
148	N	166	0.08	0.18	0.09	0.07	0.23	0.21	0.12	0.22	0.1	0.18	0.16	0.09	0.11	0.06	0.09	0.15	0.09	0.18	0.13	0.18	N166
149	P	167	0.09	0.18	0.1	0.05	0.19	0.09	0.04	0.21	0.04	0.25	0.16	0.05	0.12	0.03	0.01	0.08	0.06	0.16	0.11	0.13	P167
150	I	168	0.03	0.01	0.08	0.03	0.08	0.02	0.03	0.09	0.05	0.14	0.05	0.02	0.05	0.01	0.04	0.02	0.02	0.08	0.06	0.11	I168
151	L	169	0.37	0.12	0.87	0.73	0.29	0.48	0.6	0.2	0.83	0.1	0.06	0.7	0.52	0.73	0.77	0.45	0.35	0.19	0.13	0.52	L169
152	E	170	0.58	0.77	0.33	0.23	0.84	0.38	0.57	0.88	0.61	0.86	0.78	0.27	0.7	0.49	0.5	0.52	0.6	0.87	0.74	0.58	E170
153	R	171	0.12	0.3	0.27	0.31	0.61	0.26	0.28	0.53	0.33	0.67	0.31	0.22	0.31	0.29	0.26	0.2	0.14	0.26	0.54	0.58	R171
154	L	172	0.34	0.14	0.89	0.86	0.35	0.55	0.67	0.16	0.86	0.14	0.1	0.75	0.59	0.78	0.81	0.59	0.32	0.14	0.45	0.59	L172
155	A	173	0.11	0.45	0.83	0.82	0.45	0.49	0.63	0.36	0.8	0.57	0.34	0.62	0.7	0.73	0.73	0.65	0.41	0.25	0.42	0.4	A173
156	E	174	0.34	0.51	0.15	0.18	0.61	0.1	0.21	0.69	0.23	0.57	0.35	0.15	0.44	0.11	0.25	0.3	0.25	0.67	0.45	0.49	E174
157	Q	175	0.52	0.59	0.61	0.69	0.82	0.17	0.66	0.87	0.57	0.88	0.75	0.56	0.63	0.18	0.41	0.35	0.52	0.81	0.82	0.84	Q175
158	I	176	0.8	0.29	0.98	0.98	0.81	0.88	0.95	0.17	0.97	0.45	0.72	0.95	0.91	0.95	0.96	0.91	0.74	0.49	0.85	0.93	I176
159	A	177	0.17	0.52	0.85	0.86	0.24	0.53	0.69	0.53	0.85	0.68	0.39	0.67	0.74	0.79	0.67	0.7	0.52	0.45	0.49	0.62	A177
160	T	178	0.5	0.28	0.84	0.8	0.82	0.33	0.75	0.87	0.79	0.89	0.81	0.66	0.82	0.7	0.77	0.47	0.25	0.87	0.81	0.83	T178
161	L	179	0.39	0.28	0.78	0.76	0.36	0.41	0.58	0.54	0.75	0.19	0.49	0.63	0.35	0.7	0.57	0.41	0.31	0.21	0.48	0.58	L179
162	C	180	0.97	0.44	1	0.99	0.86	0.94	0.98	0.95	0.99	0.95	0.96	0.99	0.98	0.98	0.99	0.97	0.97	0.95	0.96	0.97	C180
163	A	181	0.18	0.47	0.43	0.52	0.42	0.65	0.4	0.43	0.58	0.34	0.39	0.39	0.63	0.47	0.52	0.49	0.42	0.23	0.36	0.43	A181
164	T	182	0.63	0.71	0.89	0.86	0.77	0.54	0.8	0.72	0.86	0.8	0.78	0.84	0.85	0.83	0.83	0.53	0.22	0.81	0.78	0.81	T182
165	L	183	0.67	0.51	0.93	0.92	0.6	0.7	0.81	0.62	0.91	0.18	0.56	0.86	0.77	0.88	0.89	0.68	0.6	0.58	0.66	0.6	L183
166	K	184	0.44	0.64	0.29	0.36	0.69	0.06	0.25	0.74	0.18	0.75	0.62	0.18	0.55	0.14	0.25	0.45	0.41	0.73	0.49	0.56	K184
167	E	185	0.56	0.71	0.7	0.3	0.93	0.57	0.77	0.87	0.68	0.93	0.89	0.54	0.72	0.72	0.73	0.62	0.55	0.84	0.89	0.9	E185
168	Y	186	0.84	0.46	0.97	0.96	0.59	0.89	0.88	0.85	0.91	0.88	0.86	0.87	0.89	0.95	0.89	0.84	0.83	0.76	0.77	0.36	Y186
169	P	187	0.99	0.99	1	1	0.99	0.97	1	1	1	1	1	0.99	0.26	1	1	0.99	1	1	0.99	1	P187
170	A	188	0.12	0.15	0.4	0.51	0.19	0.31	0.36	0.18	0.43	0.47	0.19	0.21	0.46	0.32	0.38	0.29	0.3	0.24	0.28	0.37	A188
171	V	189	0.84	0.64	0.98	0.98	0.64	0.87	0.93	0.06	0.97	0.57	0.62	0.94	0.94	0.96	0.94	0.83	0.86	0.16	0.73	0.86	V189
172	R	190	0.86	0.61	0.95	0.95	0.83	0.89	0.89	0.9	0.93	0.95	0.94	0.94	0.91	0.93	0.39	0.88	0.86	0.9	0.89	0.85	R190
173	Y	191	0.88	0.48	0.98	0.98	0.76	0.8	0.95	0.94	0.97	0.93	0.91	0.95	0.93	0.97	0.97	0.88	0.89	0.91	0.86	0.28	Y191
174	R	192	0.59	0.78	0.73	0.7	0.93	0.69	0.71	0.94	0.51	0.94	0.91	0.65	0.63	0.51	0.31	0.56	0.67	0.89	0.87	0.9	R192
175	G	193	0.18	0.1	0.25	0.13	0.3	0.14	0.14	0.27	0.05	0.2	0.2	0.19	0.31	0.11	0.08	0.18	0.18	0.23	0.29	0.23	G193
176	E	194	0.26	0.49	0.22	0.25	0.65	0.05	0.33	0.72	0.28	0.68	0.56	0.15	0.41	0.35	0.31	0.3	0.38	0.59	0.53	0.37	E194
177	Y	195	0.17	0.27	0.46	0.42	0.63	0.2	0.59	0.6	0.32	0.63	0.36	0.38	0.03	0.44	0.42	0.13	0.21	0.38	0.4	0.42	Y195
178	K	196	0.14	0.36	0.1	0.06	0.46	0.18	0.15	0.51	0.17	0.44	0.4	0.15	0.16	0.15	0.21	0.2	0.17	0.31	0.31	0.33	K196
179	D	197	0.28	0.68	0.31	0.41	0.89	0.48	0.56	0.83	0.46	0.75	0.77	0.4	0.45	0.48	0.49	0.43	0.38	0.59	0.8	0.8	D197
180	N	198	0.18	0.12	0.45	0.46	0.8	0.49	0.69	0.8	0.54	0.8	0.7	0.27	0.45	0.5	0.55	0.4	0.15	0.64	0.69	0.78	N198
181	A	199	0.13	0.35	0.27	0.22	0.25	0.48	0.19	0.22	0.18	0.36	0.12	0.19	0.35	0.2	0.21	0.31	0.26	0.27	0.21	0.2	A199
182	L	200	0.07	0.08	0.04	0.03	0.1	0.06	0.03	0.1	0.03	0.12	0.04	0.03	0.08	0.01	0.02	0.03	0.03	0.09	0.06	0.04	L200
183	L	201	0.6	0.28	0.92	0.85	0.57	0.67	0.79	0.53	0.91	0.19	0.6	0.84	0.75	0.87	0.82	0.74	0.58	0.48	0.64	0.72	L201
184	A	202	0.14	0.52	0.64	0.68	0.78	0.38	0.65	0.76	0.68	0.86	0.76	0.53	0.73	0.67	0.61	0.65	0.59	0.82	0.7	0.77	A202
185	Q	203	0.33	0.7	0.35	0.28	0.72	0.25	0.07	0.78	0.3	0.74	0.73	0.23	0.59	0.25	0.36	0.48	0.44	0.77	0.64	0.68	Q203
186	L	204	0.02	0.03	0.07	0.04	0.16	0.04	0.05	0.34	0.04	0.16	0.07	0.04	0.07	0.04	0.06	0.04	0.05	0.18	0.16	0.21	L204
187	I	205	0.32	0.2	0.82	0.78	0.38	0.52	0.7	0.17	0.82	0.32	0.29	0.74	0.59	0.75	0.67	0.57	0.31	0.05	0.46	0.64	I205
188	Q	206	0.12	0.22	0.43	0.36	0.44	0.15	0.37	0.47	0.33	0.28	0.45	0.27	0.27	0.24	0.31	0.17	0.14	0.36	0.07	0.4	Q206
189	D	207	0.1	0.43	0.2	0.18	0.53	0.38	0.21	0.45	0.15	0.49	0.36	0.14	0.42	0.09	0.13	0.31	0.21	0.48	0.34	0.23	D207
190	K	208	0.32	0.17	0.62	0.51	0.73	0.44	0.24	0.54	0.2	0.66	0.45	0.49	0.53	0.42	0.27	0.47	0.34	0.58	0.59	0.69	K208
191	L	209	0.41	0.31	0.87	0.86	0.39	0.51	0.66	0.32	0.84	0.11	0.28	0.74	0.61	0.79	0.53	0.6	0.48	0.3	0.22	0.56	L209
192	D	210	0.2	0.45	0.15	0.21	0.55	0.29	0.21	0.46	0.16	0.44	0.38	0.04	0.41	0.16	0.15	0.23	0.26	0.43	0.35	0.36	D210
193	A	211	0.05	0.29	0.23	0.25	0.42	0.28	0.17	0.46	0.23	0.53	0.26	0.14	0.32	0.2	0.15	0.17	0.17	0.42	0.3	0.18	A211
194	Y	212	0.51	0.38	0.92	0.91	0.12	0.7	0.56	0.67	0.84	0.48	0.41	0.7	0.71	0.85	0.86	0.62	0.5	0.56	0.47	0.15	Y212
195	K	213	0.11	0.07	0.18	0.14	0.29	0.08	0.1	0.3	0.04	0.52	0.29	0.13	0.2	0.1	0.15	0.16	0.13	0.34	0.34	0.4	K213
196	A	214	0.03	0.17	0.2	0.22	0.25	0.16	0.12	0.2	0.21	0.28	0.15	0.1	0.23	0.14	0.08	0.12	0.12	0.21	0.19	0.24	A214
197	D	215	0.28	0.47	0.05	0.15	0.34	0.22	0.13	0.65	0.19	0.56	0.34	0.12	0.38	0.19	0.22	0.27	0.28	0.46	0.38	0.37	D215
198	D	216	0.06	0.19	0.07	0.05	0.07	0.06	0.04	0.21	0.05	0.16	0.1	0.02	0.1	0.05	0.05	0.06	0.04	0.16	0.11	0.12	D216
199	P	217	0.17	0.18	0.28	0.25	0.13	0.17	0.22	0.42	0.22	0.45	0.22	0.14	0.03	0.21	0.14	0.14	0.13	0.37	0.26	0.3	P217
200	T	218	0.05	0.06	0.03	0.03	0.09	0.02	0.03	0.13	0.03	0.09	0.07	0.03	0.07	0.02	0.02	0.01	0.02	0.06	0.07	0.06	T218
201	M	219	0.08	0.05	0.51	0.34	0.03	0.17	0.24	0.05	0.32	0.03	0.01	0.31	0.21	0.41	0.26	0.14	0.08	0.07	0.14	0.11	M219
202	G	220	0.15	0.11	0.12	0.11	0.13	0.02	0.1	0.2	0.14	0.25	0.24	0.11	0.08	0.1	0.14	0.16	0.08	0.24	0.24	0.11	G220
203	E	221	0.09	0.13	0.04	0.02	0.13	0.04	0.07	0.28	0.08	0.18	0.17	0.02	0.12	0.06	0.06	0.08	0.07	0.24	0.15	0.14	E221
204	G	222	0.41	0.32	0.44	0.45	0.27	0.03	0.46	0.64	0.46	0.65	0.48	0.44	0.48	0.44	0.41	0.4	0.34	0.48	0.53	0.55	G222
205	P	223	0.13	0.21	0.27	0.29	0.39	0.2	0.27	0.37	0.32	0.5	0.4	0.14	0.04	0.22	0.18	0.2	0.18	0.28	0.33	0.39	P223
206	D	224	0.11	0.35	0.04	0.03	0.13	0.05	0.08	0.33	0.07	0.36	0.24	0.06	0.17	0.04	0.08	0.08	0.13	0.37	0.21	0.2	D224
207	K	225	0.15	0.19	0.15	0.17	0.26	0.08	0.16	0.56	0.03	0.57	0.47	0.16	0.12	0.13	0.13	0.11	0.08	0.35	0.35	0.43	K225
208	A	226	0.03	0.07	0.04	0.03	0.03	0.03	0.03	0.1	0.04	0.09	0.03	0.03	0.04	0.02	0.04	0.04	0.02	0.05	0.05	0.06	A226
209	R	227	0.59	0.62	0.62	0.55	0.32	0.46	0.44	0.66	0.5	0.63	0.62	0.55	0.65	0.41	0.09	0.55	0.45	0.55	0.15	0.49	R227
210	S	228	0.37	0.11	0.34	0.45	0.61	0.18	0.43	0.7	0.5	0.72	0.61	0.36	0.11	0.44	0.34	0.06	0.46	0.59	0.47	0.54	S228
211	Q	229	0.51	0.52	0.6	0.58	0.77	0.46	0.67	0.69	0.61	0.69	0.84	0.47	0.45	0.12	0.57	0.56	0.41	0.57	0.78	0.81	Q229
212	L	230	0.78	0.25	0.96	0.96	0.53	0.81	0.9	0.46	0.96	0.06	0.5	0.93	0.84	0.93	0.94	0.88	0.78	0.52	0.73	0.82	L230
213	L	231	0.61	0.11	0.95	0.94	0.42	0.75	0.85	0.12	0.94	0.07	0.36	0.89	0.76	0.9	0.91	0.8	0.59	0.17	0.63	0.75	L231
214	I	232	0.75	0.52	0.98	0.97	0.69	0.85	0.95	0.06	0.97	0.3	0.57	0.95	0.88	0.95	0.96	0.91	0.75	0.28	0.81	0.9	I232
215	L	233	0.36	0.18	0.88	0.85	0.12	0.5	0.63	0.1	0.86	0.06	0.08	0.73	0.53	0.75	0.8	0.55	0.23	0.05	0.37	0.53	L233
216	D	234	0.91	0.97	0.22	0.9	0.99	0.86	0.95	1	0.97	0.99	0.99	0.89	0.93	0.94	0.98	0.86	0.95	0.99	0.99	0.99	D234
217	R	235	0.94	0.91	0.96	0.96	0.98	0.89	0.94	0.99	0.85	0.99	0.98	0.95	0.92	0.9	0.1	0.94	0.94	0.98	0.95	0.98	R235
218	G	236	0.05	0.03	0.2	0.12	0.3	0.06	0.15	0.28	0.13	0.3	0.2	0.06	0.13	0.12	0.12	0.06	0.05	0.21	0.08	0.24	G236
219	F	237	0.05	0.06	0.22	0.39	0.08	0.19	0.18	0.1	0.36	0.17	0.09	0.19	0.17	0.19	0.33	0.15	0.08	0.07	0.25	0.21	F237
220	D	238	0.86	0.95	0.08	0.72	0.99	0.75	0.9	0.99	0.93	0.99	0.98	0.79	0.86	0.89	0.96	0.88	0.91	0.98	0.97	0.97	D238
221	P	239	0.49	0.34	0.84	0.81	0.34	0.47	0.67	0.54	0.8	0.31	0.46	0.66	0.08	0.54	0.69	0.67	0.58	0.55	0.43	0.54	P239
222	S	240	0.02	0.02	0.27	0.17	0.01	0.05	0.05	0	0.15	0.01	0.01	0.12	0.08	0.1	0.08	0.04	0.04	0	0.01	0.02	S240
223	S	241	0.14	0.29	0.64	0.62	0.56	0.2	0.54	0.61	0.65	0.67	0.57	0.53	0.3	0.58	0.54	0.05	0.1	0.28	0.47	0.58	S241
224	P	242	0.91	0.73	0.97	0.97	0.93	0.64	0.96	0.96	0.98	0.97	0.88	0.94	0.09	0.97	0.96	0.93	0.91	0.96	0.9	0.95	P242
225	V	243	0.37	0.14	0.9	0.87	0.08	0.56	0.65	0.05	0.85	0.02	0.06	0.72	0.57	0.73	0.74	0.55	0.36	0.04	0.3	0.52	V243
226	L	244	0.2	0.09	0.68	0.64	0.23	0.35	0.2	0.16	0.64	0.06	0.18	0.45	0.41	0.35	0.6	0.34	0.29	0.21	0.31	0.41	L244
227	H	245	0.95	0.96	0.96	0.97	0.98	0.94	0.36	0.99	0.96	0.99	0.99	0.96	0.96	0.96	0.97	0.93	0.91	0.99	0.98	0.99	H245
228	E	246	0.62	0.68	0.51	0.19	0.92	0.5	0.74	0.93	0.74	0.92	0.89	0.56	0.5	0.51	0.75	0.56	0.51	0.85	0.88	0.89	E246
229	L	247	0.82	0.62	0.96	0.97	0.17	0.84	0.77	0.64	0.96	0.13	0.51	0.91	0.85	0.92	0.94	0.88	0.81	0.64	0.04	0.48	L247
230	T	248	0.77	0.78	0.91	0.9	0.87	0.58	0.86	0.81	0.9	0.92	0.87	0.88	0.88	0.88	0.81	0.67	0.15	0.89	0.86	0.89	T248
231	F	249	0.98	0.95	1	1	0.34	0.98	0.93	0.98	1	0.9	0.97	0.98	0.98	0.99	0.99	0.99	0.98	0.97	0.78	0.3	F249
232	Q	250	0.78	0.84	0.7	0.81	0.95	0.73	0.87	0.96	0.83	0.96	0.96	0.8	0.84	0.18	0.8	0.77	0.79	0.94	0.94	0.89	Q250
233	A	251	0.09	0.44	0.92	0.95	0.91	0.21	0.9	0.92	0.95	0.95	0.91	0.81	0.56	0.92	0.93	0.69	0.77	0.9	0.88	0.93	A251
234	M	252	0.97	0.94	1	1	0.92	0.98	0.99	0.91	1	0.7	0.15	0.99	0.98	1	0.99	0.99	0.97	0.93	0.97	0.98	M252
235	S	253	0.02	0.02	0.53	0.44	0.12	0.06	0.22	0.06	0.43	0.14	0.08	0.31	0.21	0.31	0.27	0.1	0.15	0.03	0.1	0.16	S253
236	Y	254	0.95	0.94	0.9	0.97	0.84	0.93	0.72	0.99	0.97	0.98	0.97	0.91	0.95	0.97	0.97	0.94	0.95	0.98	0.91	0.38	Y254
237	D	255	0.93	0.97	0.26	0.76	0.99	0.89	0.96	1	0.97	0.99	0.99	0.91	0.94	0.95	0.98	0.94	0.96	0.98	0.99	0.99	D255
238	L	256	0.82	0.71	0.95	0.95	0.39	0.72	0.83	0.46	0.91	0.15	0.57	0.9	0.88	0.91	0.9	0.89	0.81	0.49	0.56	0.58	L256
239	L	257	0.85	0.71	0.98	0.98	0.48	0.86	0.92	0.62	0.97	0.16	0.69	0.95	0.89	0.96	0.96	0.91	0.85	0.66	0.8	0.67	L257
240	P	258	0.31	0.33	0.04	0.14	0.57	0.12	0.13	0.7	0.26	0.67	0.54	0.07	0.19	0.19	0.24	0.33	0.33	0.66	0.45	0.45	P258
241	I	259	0.46	0.34	0.95	0.93	0.47	0.66	0.82	0.09	0.9	0.41	0.26	0.85	0.59	0.86	0.87	0.72	0.46	0.37	0.61	0.76	I259
242	E	260	0.34	0.42	0.22	0.11	0.58	0.19	0.16	0.65	0.14	0.6	0.46	0.13	0.42	0.12	0.21	0.27	0.31	0.54	0.43	0.44	E260
243	N	261	0.42	0.71	0.42	0.33	0.73	0.27	0.37	0.79	0.27	0.59	0.63	0.18	0.54	0.13	0.31	0.47	0.57	0.73	0.52	0.63	N261
244	D	262	0.62	0.84	0.32	0.65	0.92	0.49	0.74	0.97	0.7	0.94	0.92	0.29	0.6	0.66	0.73	0.61	0.7	0.92	0.92	0.91	D262
245	V	263	0.28	0.29	0.49	0.37	0.27	0.25	0.27	0.12	0.26	0.32	0.25	0.29	0.48	0.22	0.19	0.34	0.11	0.1	0.22	0.27	V263
246	Y	264	0.91	0.85	0.95	0.98	0.82	0.93	0.97	0.93	0.97	0.93	0.93	0.9	0.9	0.97	0.97	0.92	0.91	0.87	0.91	0.43	Y264
247	K	265	0.44	0.53	0.36	0.31	0.64	0.38	0.19	0.6	0.21	0.5	0.58	0.28	0.43	0.29	0.13	0.38	0.24	0.51	0.47	0.41	K265
248	Y	266	0.87	0.86	0.95	0.92	0.88	0.9	0.94	0.95	0.94	0.93	0.94	0.9	0.85	0.94	0.95	0.88	0.86	0.89	0.94	0.52	Y266
249	E	267	0.41	0.52	0.15	0.14	0.67	0.37	0.32	0.73	0.26	0.69	0.57	0.22	0.29	0.16	0.27	0.26	0.38	0.69	0.54	0.53	E267
250	T	268	0.18	0.33	0.31	0.24	0.37	0.08	0.22	0.24	0.21	0.41	0.31	0.2	0.28	0.18	0.25	0.15	0.1	0.2	0.33	0.34	T268
251	S	269	0.11	0.14	0.13	0.13	0.27	0.11	0.13	0.3	0.14	0.25	0.22	0.16	0.07	0.13	0.12	0.05	0.02	0.16	0.17	0.21	S269
252	G	270	0.38	0.32	0.46	0.39	0.58	0.07	0.41	0.56	0.34	0.49	0.5	0.4	0.48	0.33	0.34	0.37	0.22	0.34	0.59	0.51	G270
253	I	271	0.07	0.06	0.35	0.24	0.1	0.08	0.19	0.05	0.28	0.07	0.05	0.17	0.08	0.2	0.26	0.09	0.08	0.09	0.11	0.16	I271
254	G	272	0.2	0.18	0.25	0.23	0.33	0.09	0.28	0.51	0.23	0.51	0.38	0.28	0.33	0.17	0.27	0.09	0.19	0.41	0.49	0.42	G272
255	E	273	0.19	0.32	0.06	0.08	0.47	0.13	0.17	0.55	0.14	0.5	0.37	0.06	0.12	0.14	0.17	0.19	0.19	0.49	0.34	0.33	E273
256	A	274	0.08	0.18	0.07	0.08	0.12	0.11	0.09	0.35	0.09	0.28	0.14	0.05	0.08	0.07	0.11	0.05	0.06	0.29	0.16	0.19	A274
257	R	275	0.16	0.28	0.18	0.11	0.62	0.18	0.14	0.64	0.09	0.41	0.5	0.16	0.1	0.12	0.1	0.14	0.13	0.44	0.44	0.5	R275
258	V	276	0.05	0.11	0.03	0.01	0.14	0.06	0.02	0.34	0.01	0.2	0.1	0.02	0.04	0.02	0.01	0.03	0.05	0.1	0.06	0.09	V276
259	K	277	0.52	0.63	0.62	0.5	0.89	0.51	0.51	0.89	0.16	0.89	0.69	0.53	0.51	0.5	0.34	0.48	0.43	0.83	0.78	0.83	K277
260	E	278	0.2	0.51	0.38	0.23	0.47	0.25	0.35	0.67	0.23	0.65	0.49	0.27	0.51	0.35	0.34	0.28	0.28	0.42	0.48	0.52	E278
261	V	279	0.67	0.35	0.95	0.94	0.38	0.58	0.77	0.32	0.92	0.47	0.4	0.84	0.87	0.87	0.83	0.81	0.71	0.15	0.47	0.4	V279
262	L	280	0.32	0.18	0.34	0.47	0.47	0.32	0.42	0.52	0.49	0.15	0.47	0.43	0.28	0.39	0.54	0.34	0.31	0.3	0.39	0.37	L280
263	L	281	0.8	0.66	0.96	0.96	0.7	0.82	0.9	0.67	0.96	0.18	0.7	0.93	0.87	0.94	0.94	0.67	0.8	0.61	0.8	0.86	L281
264	D	282	0.61	0.89	0.27	0.46	0.89	0.48	0.29	0.87	0.59	0.89	0.81	0.42	0.78	0.56	0.59	0.63	0.68	0.9	0.78	0.78	D282
265	E	283	0.48	0.61	0.39	0.24	0.89	0.36	0.6	0.9	0.46	0.81	0.81	0.43	0.28	0.6	0.51	0.34	0.47	0.84	0.83	0.84	E283
266	D	284	0.64	0.86	0.35	0.53	0.9	0.63	0.4	0.93	0.62	0.89	0.83	0.32	0.78	0.45	0.61	0.67	0.63	0.82	0.8	0.65	D284
267	D	285	0.94	0.98	0.4	0.87	1	0.91	0.92	1	0.97	1	0.99	0.92	0.93	0.96	0.98	0.95	0.96	0.99	0.99	0.99	D285
268	D	286	0.46	0.74	0.31	0.27	0.58	0.63	0.44	0.84	0.36	0.71	0.67	0.45	0.32	0.35	0.35	0.57	0.57	0.77	0.64	0.36	D286
269	L	287	0.84	0.74	0.87	0.95	0.18	0.76	0.84	0.5	0.94	0.21	0.5	0.9	0.9	0.92	0.9	0.9	0.85	0.54	0.59	0.7	L287
270	W	288	1	1	1	1	0.97	1	1	1	1	1	1	1	1	1	1	1	1	1	0.75	0.96	W288
271	I	289	0.2	0.3	0.57	0.32	0.31	0.24	0.2	0.2	0.3	0.34	0.13	0.34	0.47	0.25	0.25	0.31	0.26	0.1	0.2	0.27	I289
272	A	290	0.14	0.24	0.03	0.01	0.16	0.12	0.04	0.3	0.03	0.28	0.14	0.02	0.14	0.02	0.03	0.08	0.05	0.27	0.11	0.12	A290
273	L	291	0.48	0.35	0.79	0.71	0.45	0.53	0.38	0.33	0.76	0.15	0.38	0.35	0.6	0.7	0.74	0.57	0.33	0.37	0.52	0.62	L291
274	R	292	0.69	0.8	0.84	0.84	0.95	0.76	0.84	0.95	0.64	0.95	0.78	0.78	0.8	0.8	0.29	0.64	0.7	0.9	0.91	0.93	R292
275	H	293	0.82	0.86	0.83	0.9	0.82	0.75	0.4	0.96	0.85	0.95	0.93	0.87	0.89	0.88	0.9	0.83	0.78	0.92	0.66	0.73	H293
276	K	294	0.12	0.15	0.23	0.21	0.36	0.18	0.21	0.28	0.19	0.15	0.03	0.21	0.24	0.16	0.26	0.11	0.12	0.23	0.32	0.37	K294
277	H	295	0.8	0.88	0.86	0.87	0.96	0.84	0.38	0.97	0.84	0.97	0.95	0.75	0.64	0.86	0.89	0.83	0.77	0.94	0.94	0.95	H295
278	I	296	0.7	0.49	0.97	0.95	0.1	0.79	0.83	0.12	0.93	0.5	0.38	0.9	0.81	0.89	0.9	0.83	0.69	0.57	0.34	0.66	I296
279	A	297	0.08	0.38	0.44	0.45	0.53	0.23	0.37	0.55	0.45	0.64	0.33	0.15	0.14	0.39	0.35	0.4	0.29	0.52	0.43	0.51	A297
280	E	298	0.26	0.59	0.03	0.14	0.68	0.16	0.3	0.76	0.32	0.72	0.58	0.15	0.43	0.33	0.37	0.32	0.32	0.51	0.54	0.54	E298
281	V	299	0.23	0.34	0.92	0.92	0.67	0.64	0.83	0.36	0.91	0.54	0.65	0.82	0.63	0.88	0.87	0.66	0.59	0.06	0.72	0.83	V299
282	S	300	0.08	0.11	0.25	0.18	0.14	0.07	0.13	0.12	0.18	0.15	0.13	0.14	0.22	0.14	0.13	0.04	0.09	0.08	0.1	0.09	S300
283	Q	301	0.1	0.16	0.1	0.05	0.23	0.13	0.07	0.16	0.02	0.28	0.15	0.07	0.12	0.06	0.04	0.08	0.07	0.13	0.16	0.19	Q301
284	E	302	0.1	0.24	0.16	0.09	0.32	0.07	0.11	0.39	0.04	0.25	0.21	0.04	0.2	0.09	0.04	0.09	0.13	0.26	0.2	0.13	E302
285	V	303	0.43	0.22	0.93	0.93	0.39	0.56	0.79	0.07	0.91	0.16	0.38	0.8	0.8	0.87	0.83	0.73	0.63	0.04	0.48	0.67	V303
286	T	304	0.15	0.3	0.23	0.12	0.31	0.1	0.08	0.35	0.1	0.28	0.16	0.19	0.2	0.09	0.16	0.18	0.06	0.37	0.27	0.19	T304
287	R	305	0.14	0.38	0.05	0.03	0.41	0.07	0.15	0.49	0.1	0.51	0.35	0.09	0.22	0.08	0.1	0.14	0.14	0.4	0.27	0.3	R305
288	S	306	0.04	0.05	0.03	0.02	0.04	0.07	0.02	0.05	0.01	0.01	0.02	0.03	0.06	0.01	0.01	0.05	0.05	0.03	0.03	0.01	S306
289	L	307	0.14	0.12	0.73	0.69	0.12	0.29	0.43	0.15	0.57	0.04	0.06	0.53	0.35	0.57	0.6	0.35	0.23	0.08	0.24	0.33	L307
290	K	308	0.11	0.31	0.11	0.1	0.37	0.1	0.09	0.42	0.05	0.34	0.29	0.06	0.25	0.09	0.04	0.17	0.1	0.41	0.19	0.25	K308
291	D	309	0.04	0.08	0.06	0.02	0.11	0.07	0.02	0.08	0.02	0.1	0.06	0.02	0.08	0.02	0.02	0.03	0.01	0.09	0.06	0.06	D309
292	F	310	0.6	0.45	0.96	0.95	0.06	0.78	0.72	0.38	0.93	0.4	0.54	0.85	0.74	0.87	0.9	0.78	0.66	0.52	0.47	0.17	F310
293	S	311	0.03	0	0.14	0.1	0.07	0.02	0.04	0.05	0.06	0.07	0.06	0.07	0.06	0.04	0.03	0.02	0.05	0.04	0.05	0.07	S311
294	S	312	0.02	0.06	0.01	0	0.07	0.04	0.01	0.09	0.01	0.08	0.05	0.01	0.03	0.01	0.01	0.01	0.03	0.03	0.03	0.03	S312
295	S	313	0.06	0.07	0.08	0.07	0.16	0.08	0.08	0.16	0.06	0.23	0.16	0.06	0.1	0.05	0.07	0.01	0.05	0.1	0.1	0.11	S313
296	K	314	0.06	0.13	0.09	0.07	0.4	0.07	0.08	0.41	0.03	0.33	0.12	0.03	0.11	0.07	0.06	0.07	0.05	0.3	0.24	0.28	K314
297	R	315	0.06	0.12	0.09	0.08	0.21	0.08	0.07	0.4	0.04	0.4	0.29	0.08	0.05	0.05	0.01	0.07	0.07	0.24	0.23	0.28	R315
298	M	316	0.07	0.09	0.42	0.29	0.08	0.19	0.16	0.12	0.28	0.04	0.02	0.29	0.23	0.36	0.38	0.14	0.07	0.09	0.22	0.26	M316
299	N	317	0.02	0.02	0.05	0.03	0.07	0.03	0.06	0.04	0.03	0.08	0.05	0.02	0.05	0.03	0.03	0.04	0.01	0.05	0.04	0.06	N317
300	M	324	0.26	0.12	0.69	0.49	0.09	0.39	0.32	0.02	0.51	0.1	0.05	0.46	0.48	0.4	0.47	0.44	0.15	0.05	0.15	0.18	M324
301	R	325	0.16	0.39	0.18	0.12	0.44	0.1	0.16	0.36	0.04	0.51	0.37	0.12	0.27	0.13	0.07	0.16	0.2	0.43	0.16	0.32	R325
302	D	326	0.6	0.85	0.15	0.48	0.87	0.52	0.46	0.83	0.64	0.88	0.82	0.46	0.77	0.59	0.64	0.72	0.74	0.83	0.75	0.77	D326
303	L	327	0.42	0.25	0.79	0.74	0.17	0.55	0.45	0.12	0.58	0.05	0.09	0.6	0.6	0.62	0.58	0.5	0.4	0.19	0.2	0.19	L327
304	S	328	0.19	0.22	0.31	0.27	0.4	0.21	0.24	0.46	0.19	0.4	0.2	0.26	0.29	0.15	0.18	0.05	0.15	0.33	0.28	0.33	S328
305	Q	329	0.25	0.39	0.28	0.24	0.21	0.34	0.05	0.54	0.15	0.56	0.42	0.14	0.42	0.08	0.17	0.23	0.29	0.4	0.36	0.37	Q329
306	M	330	0.21	0.18	0.88	0.85	0.12	0.5	0.64	0.1	0.85	0.24	0.06	0.72	0.57	0.81	0.79	0.55	0.22	0.13	0.44	0.51	M330
307	L	331	0.3	0.17	0.75	0.47	0.23	0.36	0.51	0.13	0.72	0.06	0.16	0.59	0.44	0.65	0.66	0.44	0.3	0.05	0.32	0.4	L331
308	K	332	0.28	0.5	0.23	0.24	0.55	0.21	0.18	0.62	0.08	0.65	0.52	0.17	0.46	0.17	0.18	0.27	0.36	0.62	0.36	0.44	K332
309	K	333	0.2	0.43	0.26	0.25	0.49	0.13	0.12	0.55	0.06	0.47	0.46	0.14	0.4	0.16	0.16	0.21	0.31	0.56	0.31	0.38	K333
310	M	334	0.71	0.65	0.97	0.97	0.72	0.83	0.92	0.72	0.96	0.4	0.1	0.94	0.88	0.96	0.95	0.88	0.79	0.72	0.83	0.55	M334
311	P	335	0.85	0.84	0.9	0.9	0.9	0.71	0.88	0.94	0.8	0.91	0.93	0.83	0.09	0.89	0.83	0.8	0.89	0.94	0.87	0.91	P335
312	Q	336	0.6	0.69	0.45	0.54	0.88	0.52	0.51	0.92	0.61	0.92	0.91	0.55	0.68	0.1	0.71	0.63	0.61	0.88	0.87	0.88	Q336
313	Y	337	0.86	0.73	0.97	0.98	0.38	0.88	0.89	0.87	0.97	0.74	0.78	0.94	0.9	0.96	0.96	0.9	0.86	0.87	0.74	0.16	Y337
314	Q	338	0.39	0.49	0.43	0.6	0.76	0.28	0.58	0.73	0.42	0.76	0.64	0.46	0.53	0.08	0.42	0.39	0.32	0.68	0.75	0.78	Q338
315	K	339	0.33	0.49	0.33	0.23	0.62	0.44	0.28	0.67	0.06	0.7	0.62	0.27	0.54	0.32	0.23	0.5	0.44	0.66	0.43	0.51	K339
316	E	340	0.33	0.47	0.31	0.07	0.43	0.17	0.34	0.66	0.28	0.47	0.26	0.22	0.45	0.22	0.21	0.4	0.41	0.66	0.44	0.51	E340
317	L	341	0.14	0.12	0.25	0.25	0.17	0.11	0.2	0.12	0.15	0.04	0.12	0.16	0.16	0.19	0.15	0.09	0.14	0.12	0.19	0.24	L341
318	S	342	0.08	0.1	0.02	0.03	0.14	0.03	0.03	0.18	0.03	0.17	0.11	0.01	0.08	0.03	0.02	0.03	0.05	0.12	0.07	0.08	S342
319	K	343	0.09	0.13	0.14	0.13	0.35	0.1	0.12	0.36	0.05	0.24	0.07	0.06	0.15	0.1	0.13	0.07	0.05	0.21	0.27	0.3	K343
320	Y	344	0.71	0.53	0.94	0.94	0.52	0.74	0.87	0.64	0.87	0.63	0.66	0.87	0.78	0.85	0.9	0.78	0.71	0.59	0.62	0.14	Y344
321	S	345	0.11	0.29	0.19	0.26	0.48	0.14	0.29	0.4	0.34	0.56	0.43	0.24	0.3	0.28	0.27	0.04	0.22	0.32	0.34	0.42	S345
322	T	346	0.34	0.42	0.6	0.55	0.49	0.23	0.46	0.52	0.34	0.4	0.41	0.41	0.56	0.5	0.43	0.51	0.09	0.4	0.48	0.53	T346
323	H	347	0.96	0.96	0.97	0.98	0.97	0.95	0.27	1	0.97	0.99	0.99	0.98	0.97	0.98	0.98	0.93	0.96	0.99	0.97	0.98	H347
324	L	348	0.36	0.21	0.76	0.62	0.28	0.36	0.54	0.22	0.64	0.09	0.16	0.63	0.46	0.68	0.69	0.48	0.19	0.15	0.34	0.44	L348
325	H	349	0.3	0.55	0.38	0.31	0.85	0.39	0.23	0.84	0.31	0.81	0.71	0.18	0.45	0.32	0.4	0.23	0.19	0.71	0.76	0.86	H349
326	L	350	0.7	0.49	0.95	0.95	0.54	0.74	0.86	0.25	0.94	0.11	0.4	0.9	0.79	0.92	0.92	0.83	0.54	0.32	0.69	0.78	L350
327	A	351	0.06	0.3	0.84	0.86	0.43	0.49	0.7	0.5	0.86	0.65	0.47	0.66	0.72	0.8	0.79	0.68	0.58	0.38	0.5	0.64	A351
328	E	352	0.28	0.45	0.06	0.1	0.6	0.11	0.23	0.52	0.29	0.63	0.5	0.09	0.36	0.19	0.26	0.24	0.17	0.62	0.46	0.44	E352
329	D	353	0.14	0.61	0.23	0.33	0.89	0.43	0.45	0.89	0.48	0.79	0.63	0.43	0.54	0.49	0.53	0.42	0.42	0.78	0.8	0.8	D353
330	C	354	0.9	0.22	0.98	0.97	0.81	0.73	0.82	0.79	0.96	0.84	0.79	0.94	0.94	0.95	0.94	0.94	0.9	0.86	0.84	0.85	C354
331	M	355	0.77	0.72	0.85	0.88	0.57	0.69	0.8	0.51	0.88	0.44	0.08	0.7	0.87	0.83	0.85	0.73	0.74	0.59	0.66	0.7	M355
332	K	356	0.3	0.4	0.25	0.2	0.53	0.23	0.18	0.57	0.09	0.48	0.47	0.12	0.42	0.17	0.09	0.27	0.19	0.54	0.34	0.39	K356
333	H	357	0.53	0.7	0.63	0.52	0.65	0.5	0.23	0.63	0.31	0.61	0.51	0.56	0.7	0.35	0.41	0.56	0.42	0.66	0.67	0.86	H357
334	Y	358	0.59	0.41	0.94	0.89	0.08	0.74	0.75	0.47	0.93	0.54	0.58	0.82	0.74	0.84	0.85	0.64	0.57	0.48	0.41	0.24	Y358
335	Q	359	0.4	0.49	0.38	0.21	0.61	0.42	0.26	0.65	0.06	0.66	0.61	0.26	0.35	0.12	0.11	0.41	0.35	0.62	0.47	0.34	Q359
336	G	360	0.17	0.08	0.18	0.18	0.48	0.09	0.23	0.47	0.19	0.39	0.35	0.19	0.32	0.12	0.11	0.22	0.19	0.29	0.47	0.38	G360
337	T	361	0.07	0.11	0.15	0.09	0.09	0.03	0.08	0.29	0.06	0.23	0.16	0.04	0.14	0.07	0.1	0.03	0.07	0.28	0.16	0.12	T361
338	V	362	0.33	0.2	0.81	0.75	0.08	0.37	0.41	0.09	0.71	0.06	0.12	0.54	0.6	0.42	0.37	0.5	0.4	0.07	0.15	0.29	V362
339	D	363	0.43	0.8	0.19	0.18	0.81	0.36	0.41	0.86	0.39	0.68	0.55	0.25	0.62	0.37	0.36	0.48	0.57	0.81	0.32	0.65	D363
340	K	364	0.49	0.69	0.33	0.39	0.74	0.3	0.33	0.78	0.18	0.72	0.68	0.36	0.63	0.31	0.26	0.49	0.43	0.69	0.53	0.62	K364
341	L	365	0.45	0.27	0.89	0.86	0.15	0.55	0.63	0.27	0.86	0.13	0.34	0.75	0.6	0.66	0.81	0.5	0.44	0.23	0.39	0.28	L365
342	C	366	0.93	0.34	0.99	0.98	0.79	0.63	0.96	0.89	0.98	0.94	0.92	0.97	0.96	0.97	0.97	0.89	0.91	0.89	0.92	0.9	C366
343	R	367	0.15	0.41	0.12	0.07	0.45	0.09	0.2	0.52	0.15	0.55	0.39	0.15	0.28	0.1	0.17	0.12	0.23	0.43	0.31	0.23	R367
344	V	368	0.71	0.36	0.95	0.93	0.34	0.67	0.76	0.26	0.87	0.39	0.39	0.83	0.86	0.87	0.82	0.79	0.63	0.13	0.46	0.52	V368
345	E	369	0.66	0.84	0.66	0.16	0.97	0.64	0.85	0.97	0.86	0.97	0.95	0.67	0.8	0.81	0.88	0.78	0.8	0.95	0.95	0.95	E369
346	Q	370	0.62	0.72	0.58	0.69	0.89	0.58	0.74	0.92	0.63	0.92	0.92	0.58	0.72	0.12	0.64	0.61	0.62	0.88	0.88	0.89	Q370
347	D	371	0.75	0.91	0.13	0.54	0.92	0.59	0.71	0.95	0.66	0.93	0.89	0.51	0.83	0.7	0.76	0.72	0.76	0.93	0.84	0.85	D371
348	L	372	0.76	0.56	0.96	0.96	0.27	0.82	0.89	0.36	0.95	0.06	0.26	0.93	0.82	0.91	0.93	0.88	0.75	0.51	0.65	0.78	L372
349	A	373	0.04	0.14	0.31	0.42	0.18	0.31	0.26	0.17	0.41	0.2	0.08	0.23	0.34	0.33	0.33	0.16	0.2	0.09	0.16	0.23	A373
350	M	374	0.25	0.07	0.67	0.44	0.11	0.27	0.37	0.23	0.6	0.32	0.05	0.4	0.53	0.58	0.5	0.3	0.2	0.26	0.23	0.28	M374
351	G	375	0.55	0.49	0.56	0.48	0.75	0.07	0.58	0.78	0.55	0.72	0.71	0.51	0.62	0.47	0.56	0.59	0.5	0.72	0.72	0.5	G375
352	T	376	0.07	0.15	0.07	0.04	0.16	0.03	0.03	0.11	0.05	0.22	0.06	0.05	0.12	0.03	0.06	0.03	0.05	0.23	0.12	0.12	T376
353	D	377	0.54	0.87	0.08	0.31	0.88	0.29	0.53	0.92	0.59	0.89	0.82	0.25	0.7	0.51	0.61	0.65	0.5	0.89	0.77	0.76	D377
354	A	378	0.06	0.17	0.35	0.3	0.09	0.22	0.1	0.18	0.27	0.2	0.14	0.2	0.25	0.25	0.27	0.25	0.14	0.13	0.16	0.22	A378
355	E	379	0.18	0.29	0.08	0.05	0.44	0.13	0.16	0.51	0.18	0.47	0.2	0.06	0.28	0.15	0.16	0.18	0.21	0.39	0.31	0.31	E379
356	G	380	0.39	0.33	0.47	0.36	0.6	0.06	0.43	0.63	0.41	0.65	0.56	0.37	0.48	0.39	0.37	0.38	0.28	0.45	0.57	0.4	G380
357	E	381	0.25	0.09	0.16	0.06	0.42	0.21	0.18	0.49	0.15	0.46	0.36	0.08	0.31	0.15	0.17	0.25	0.18	0.46	0.31	0.2	E381
358	K	382	0.15	0.26	0.1	0.15	0.37	0.23	0.12	0.41	0.07	0.44	0.32	0.11	0.16	0.12	0.11	0.2	0.16	0.26	0.23	0.18	K382
359	I	383	0.47	0.31	0.72	0.8	0.16	0.44	0.57	0.05	0.76	0.16	0.21	0.68	0.39	0.65	0.65	0.65	0.48	0.15	0.23	0.42	I383
360	K	384	0.4	0.43	0.31	0.3	0.55	0.4	0.21	0.32	0.09	0.62	0.38	0.24	0.48	0.2	0.14	0.34	0.31	0.58	0.36	0.43	K384
361	D	385	0.81	0.91	0.24	0.67	0.94	0.81	0.59	0.96	0.75	0.94	0.91	0.48	0.87	0.73	0.78	0.72	0.85	0.93	0.88	0.87	D385
362	P	386	0.08	0.11	0.53	0.44	0.18	0.14	0.27	0.22	0.31	0.4	0.29	0.29	0.18	0.38	0.36	0.18	0.25	0.27	0.25	0.35	P386
363	M	387	0.85	0.79	0.97	0.96	0.62	0.81	0.89	0.64	0.95	0.6	0.14	0.92	0.84	0.92	0.93	0.92	0.83	0.75	0.74	0.72	M387
364	R	388	0.66	0.74	0.56	0.57	0.83	0.64	0.51	0.85	0.2	0.82	0.78	0.47	0.7	0.4	0.21	0.56	0.58	0.79	0.65	0.72	R388
365	A	389	0.11	0.16	0.1	0.1	0.12	0.23	0.06	0.13	0.1	0.06	0.1	0.04	0.2	0.07	0.08	0.08	0.07	0.11	0.09	0.11	A389
366	I	390	0.52	0.33	0.93	0.84	0.49	0.62	0.67	0.18	0.82	0.41	0.43	0.81	0.7	0.82	0.83	0.68	0.52	0.31	0.56	0.54	I390
367	V	391	0.68	0.51	0.91	0.9	0.47	0.57	0.62	0.31	0.81	0.37	0.53	0.77	0.82	0.83	0.77	0.67	0.72	0.19	0.47	0.65	V391
368	P	392	0.82	0.84	0.63	0.65	0.89	0.82	0.76	0.93	0.77	0.93	0.84	0.63	0.36	0.75	0.67	0.81	0.83	0.89	0.84	0.86	P392
369	I	393	0.21	0.17	0.52	0.67	0.39	0.35	0.36	0.2	0.63	0.29	0.34	0.54	0.43	0.54	0.59	0.38	0.27	0.14	0.31	0.33	I393
370	L	394	0.6	0.33	0.94	0.93	0.51	0.72	0.82	0.5	0.93	0.18	0.57	0.87	0.78	0.89	0.9	0.77	0.65	0.45	0.66	0.65	L394
371	L	395	0.69	0.63	0.72	0.76	0.5	0.73	0.63	0.45	0.76	0.18	0.56	0.6	0.78	0.6	0.65	0.68	0.69	0.54	0.52	0.59	L395
372	D	396	0.7	0.92	0.43	0.7	0.87	0.67	0.73	0.95	0.69	0.9	0.79	0.45	0.86	0.68	0.69	0.79	0.79	0.93	0.85	0.86	D396
373	A	397	0.15	0.1	0.19	0.12	0.14	0.13	0.14	0.42	0.13	0.43	0.26	0.08	0.09	0.09	0.16	0.17	0.11	0.37	0.21	0.25	A397
374	N	398	0.26	0.62	0.31	0.25	0.71	0.63	0.51	0.76	0.31	0.73	0.61	0.3	0.55	0.34	0.36	0.4	0.52	0.67	0.52	0.61	N398
375	V	399	0.59	0.53	0.93	0.91	0.4	0.52	0.53	0.3	0.9	0.52	0.44	0.81	0.75	0.85	0.81	0.8	0.71	0.18	0.46	0.57	V399
376	S	400	0.36	0.45	0.17	0.11	0.47	0.24	0.17	0.53	0.16	0.5	0.37	0.19	0.08	0.14	0.14	0.2	0.14	0.42	0.3	0.32	S400
377	T	401	0.2	0.34	0.28	0.2	0.57	0.2	0.21	0.56	0.22	0.54	0.48	0.2	0.15	0.22	0.26	0.36	0.35	0.68	0.48	0.48	T401
378	Y	402	0.94	0.8	0.98	0.95	0.83	0.96	0.97	0.95	0.98	0.95	0.93	0.94	0.96	0.98	0.97	0.94	0.93	0.95	0.93	0.67	Y402
379	D	403	0.84	0.94	0.55	0.88	0.97	0.84	0.91	0.99	0.87	0.98	0.97	0.8	0.91	0.88	0.89	0.86	0.83	0.97	0.97	0.94	D403
380	K	404	0.78	0.84	0.88	0.89	0.96	0.82	0.84	0.96	0.41	0.96	0.95	0.85	0.88	0.84	0.75	0.85	0.81	0.87	0.92	0.89	K404
381	I	405	0.85	0.76	0.99	0.96	0.89	0.91	0.96	0.45	0.98	0.71	0.78	0.96	0.94	0.97	0.97	0.93	0.87	0.75	0.89	0.94	I405
382	R	406	0.99	0.99	0.99	0.99	1	0.98	0.98	1	0.96	1	1	0.98	0.99	0.98	0.73	0.98	0.98	0.99	0.99	0.99	R406
383	I	407	0.74	0.62	0.98	0.97	0.8	0.86	0.93	0.57	0.97	0.65	0.73	0.9	0.9	0.95	0.95	0.88	0.78	0.59	0.83	0.86	I407
384	I	408	0.72	0.7	0.99	0.96	0.78	0.9	0.94	0.55	0.97	0.67	0.8	0.96	0.92	0.96	0.96	0.91	0.84	0.69	0.84	0.89	I408
385	L	409	0.76	0.31	0.97	0.97	0.82	0.86	0.91	0.72	0.96	0.54	0.61	0.93	0.9	0.95	0.95	0.88	0.82	0.72	0.84	0.89	L409
386	L	410	0.83	0.78	0.98	0.98	0.85	0.89	0.94	0.79	0.95	0.56	0.74	0.95	0.92	0.96	0.96	0.92	0.84	0.81	0.88	0.91	L410
387	Y	411	0.99	0.97	1	1	0.99	0.99	0.99	1	1	0.99	0.99	0.99	0.99	0.99	1	0.99	0.98	0.99	0.99	0.83	Y411
388	I	412	0.67	0.47	0.98	0.97	0.86	0.86	0.93	0.42	0.96	0.85	0.83	0.94	0.9	0.94	0.95	0.75	0.8	0.73	0.84	0.89	I412
389	F	413	0.76	0.63	0.98	0.97	0.62	0.89	0.81	0.72	0.96	0.54	0.68	0.93	0.86	0.94	0.92	0.88	0.74	0.69	0.83	0.69	F413
390	L	414	0.42	0.19	0.71	0.64	0.19	0.3	0.26	0.44	0.57	0.31	0.41	0.53	0.44	0.57	0.4	0.36	0.48	0.44	0.3	0.24	L414
391	K	415	0.56	0.77	0.63	0.5	0.62	0.48	0.44	0.76	0.38	0.85	0.76	0.37	0.66	0.35	0.17	0.66	0.58	0.84	0.63	0.5	K415
392	N	416	0.61	0.82	0.52	0.38	0.84	0.53	0.59	0.88	0.42	0.87	0.78	0.28	0.58	0.49	0.55	0.65	0.74	0.84	0.69	0.78	N416
393	G	417	0.68	0.62	0.49	0.46	0.6	0.22	0.57	0.79	0.56	0.8	0.72	0.6	0.61	0.42	0.47	0.67	0.48	0.68	0.78	0.72	G417
394	I	418	0.48	0.29	0.93	0.86	0.41	0.63	0.64	0.14	0.81	0.5	0.4	0.81	0.56	0.82	0.8	0.68	0.37	0.18	0.6	0.76	I418
395	T	419	0.29	0.46	0.3	0.21	0.37	0.09	0.22	0.35	0.18	0.62	0.41	0.21	0.34	0.16	0.25	0.15	0.23	0.48	0.41	0.41	T419
396	E	420	0.65	0.81	0.45	0.24	0.86	0.31	0.59	0.9	0.64	0.75	0.81	0.38	0.56	0.49	0.6	0.56	0.67	0.89	0.51	0.78	E420
397	E	421	0.54	0.32	0.59	0.23	0.73	0.54	0.56	0.75	0.48	0.68	0.54	0.37	0.62	0.55	0.51	0.52	0.56	0.73	0.64	0.67	E421
398	N	422	0.63	0.84	0.47	0.56	0.81	0.61	0.66	0.91	0.58	0.85	0.84	0.25	0.76	0.58	0.68	0.75	0.8	0.81	0.7	0.76	N422
399	L	423	0.62	0.45	0.89	0.89	0.45	0.47	0.77	0.57	0.82	0.15	0.48	0.82	0.71	0.8	0.8	0.72	0.62	0.46	0.61	0.7	L423
400	N	424	0.06	0.21	0.17	0.1	0.17	0.23	0.18	0.24	0.15	0.35	0.24	0.12	0.14	0.13	0.11	0.19	0.13	0.27	0.19	0.26	N424
401	K	425	0.56	0.63	0.55	0.56	0.74	0.49	0.3	0.78	0.12	0.74	0.74	0.5	0.69	0.39	0.26	0.66	0.6	0.77	0.57	0.46	K425
402	L	426	0.45	0.33	0.85	0.82	0.39	0.56	0.68	0.44	0.76	0.1	0.28	0.74	0.62	0.66	0.78	0.62	0.48	0.33	0.49	0.46	L426
403	I	427	0.19	0.13	0.68	0.6	0.23	0.25	0.42	0.07	0.4	0.3	0.15	0.23	0.35	0.37	0.41	0.3	0.22	0.21	0.27	0.28	I427
404	Q	428	0.47	0.55	0.35	0.31	0.65	0.45	0.29	0.7	0.21	0.72	0.68	0.22	0.55	0.08	0.15	0.41	0.4	0.67	0.56	0.6	Q428
405	H	429	0.56	0.76	0.56	0.44	0.61	0.5	0.16	0.82	0.51	0.68	0.63	0.56	0.73	0.57	0.45	0.54	0.64	0.79	0.65	0.82	H429
406	A	430	0.06	0.4	0.45	0.42	0.46	0.19	0.4	0.31	0.45	0.51	0.46	0.3	0.46	0.38	0.47	0.29	0.37	0.44	0.38	0.5	A430
407	Q	431	0.14	0.21	0.09	0.09	0.29	0.04	0.11	0.35	0.08	0.22	0.33	0.01	0.2	0.06	0.1	0.15	0.13	0.31	0.24	0.25	Q431
408	I	432	0.11	0.07	0.48	0.52	0.2	0.2	0.32	0.05	0.48	0.14	0.12	0.37	0.26	0.24	0.43	0.18	0.13	0.04	0.17	0.23	I432
409	P	433	0.08	0.12	0.06	0.05	0.13	0.08	0.03	0.2	0.04	0.19	0.11	0.03	0.08	0.01	0.04	0.04	0.05	0.18	0.09	0.1	P433
410	P	434	0.04	0.11	0.09	0.05	0.12	0.1	0.03	0.18	0.06	0.18	0.06	0.04	0.07	0.03	0.05	0.06	0.06	0.12	0.09	0.05	P434
411	E	435	0.08	0.11	0.06	0.06	0.17	0.05	0.02	0.22	0.05	0.15	0.12	0.05	0.13	0.06	0.05	0.06	0.07	0.16	0.11	0.03	E435
412	D	436	0.07	0.17	0.15	0.16	0.39	0.11	0.1	0.52	0.11	0.34	0.28	0.18	0.19	0.13	0.12	0.07	0.11	0.32	0.32	0.12	D436
413	S	437	0.07	0.05	0.16	0.06	0.06	0.07	0.08	0.1	0.08	0.11	0.04	0.09	0.14	0.06	0.06	0.03	0.11	0.06	0.07	0.1	S437
414	E	438	0.08	0.14	0.07	0.06	0.1	0.03	0.04	0.16	0.05	0.18	0.13	0.02	0.13	0.05	0.07	0.07	0.07	0.19	0.12	0.14	E438
415	I	439	0.09	0.07	0.75	0.65	0.09	0.25	0.38	0.03	0.46	0.06	0.06	0.47	0.29	0.46	0.49	0.29	0.13	0.07	0.15	0.17	I439
416	I	440	0.33	0.17	0.89	0.84	0.16	0.46	0.65	0.05	0.79	0.17	0.19	0.71	0.31	0.71	0.73	0.53	0.33	0.1	0.37	0.54	I440
417	T	441	0.08	0.17	0.06	0.04	0.14	0.04	0.04	0.22	0.02	0.16	0.1	0.03	0.08	0.03	0.01	0.05	0.06	0.22	0.1	0.06	T441
418	N	442	0.32	0.55	0.56	0.51	0.87	0.34	0.75	0.91	0.54	0.9	0.84	0.1	0.51	0.53	0.65	0.53	0.46	0.8	0.79	0.84	N442
419	M	443	0.19	0.12	0.74	0.68	0.21	0.34	0.44	0.16	0.63	0.07	0.07	0.53	0.4	0.43	0.62	0.3	0.2	0.16	0.13	0.25	M443
420	A	444	0.03	0.1	0.01	0	0.09	0.04	0.01	0.14	0.01	0.07	0.06	0.01	0.05	0.01	0.01	0.03	0.03	0.08	0.04	0.04	A444
421	H	445	0.12	0.04	0.19	0.12	0.16	0.12	0.1	0.2	0.09	0.11	0.14	0.15	0.23	0.05	0.15	0.12	0.12	0.18	0.17	0.13	H445
422	L	446	0.29	0.24	0.67	0.74	0.19	0.46	0.53	0.28	0.69	0.09	0.29	0.63	0.51	0.65	0.72	0.44	0.37	0.24	0.34	0.28	L446
423	G	447	0.53	0.28	0.66	0.65	0.79	0.07	0.66	0.78	0.65	0.8	0.73	0.6	0.65	0.53	0.65	0.53	0.5	0.72	0.78	0.75	G447
424	V	448	0.05	0.02	0.08	0.11	0.03	0.01	0.06	0.1	0.11	0.11	0.07	0.04	0.14	0.08	0.07	0.06	0.05	0.06	0.04	0.08	V448
425	P	449	0.09	0.08	0.09	0.06	0.14	0.13	0.07	0.21	0.06	0.21	0.14	0.03	0.1	0.06	0.04	0.06	0.03	0.19	0.03	0.07	P449
426	I	450	0.19	0.09	0.77	0.67	0.19	0.19	0.48	0.06	0.54	0.16	0.2	0.51	0.36	0.54	0.43	0.25	0.15	0.05	0.27	0.43	I450
427	V	451	0.14	0.1	0.31	0.31	0.06	0.13	0.1	0.04	0.22	0.09	0.06	0.18	0.27	0.21	0.09	0.17	0.05	0.06	0.07	0.14	V451
428	T	452	0.06	0.2	0.12	0.08	0.12	0.06	0.08	0.3	0.06	0.29	0.18	0.03	0.07	0.08	0.08	0.14	0.07	0.25	0.18	0.18	T452
429	D	453	0.07	0.16	0.08	0.07	0.23	0.03	0.07	0.28	0.04	0.2	0.13	0.06	0.03	0.05	0.05	0.09	0.07	0.16	0.12	0.06	D453
430	S	454	0.11	0.09	0.11	0.14	0.21	0.04	0.13	0.33	0.15	0.24	0.24	0.16	0.21	0.1	0.11	0.07	0.16	0.24	0.19	0.23	S454
431	T	455	0.04	0.07	0.04	0.03	0.07	0.01	0.03	0.11	0.02	0.07	0.04	0.03	0.08	0.02	0.02	0.05	0.04	0.06	0.06	0.05	T455
432	L	456	0.03	0.02	0.03	0.03	0.03	0.02	0.03	0.1	0.03	0.04	0.07	0.02	0.04	0.03	0.03	0.02	0.04	0.06	0.04	0.05	L456
433	R	457	0.08	0.11	0.09	0.09	0.09	0.02	0.08	0.18	0.09	0.19	0.15	0.09	0.14	0.07	0.08	0.08	0.09	0.13	0.12	0.09	R457
434	R	458	0.02	0.04	0.03	0.03	0.06	0.01	0.05	0.13	0.03	0.09	0.09	0.02	0.02	0.03	0.04	0.02	0.01	0.06	0.09	0.1	R458
435	R	459	0.07	0.1	0.05	0.05	0.14	0.07	0.05	0.08	0.05	0.19	0.12	0.03	0.06	0.04	0.06	0.03	0.04	0.12	0.09	0.07	R459
436	S	460	0.03	0.04	0.02	0.02	0.02	0.04	0.01	0.03	0.01	0.03	0.02	0.01	0.05	0.02	0.01	0.02	0.03	0.02	0.01	0.03	S460
437	K	461	0.05	0.08	0.05	0.04	0.09	0.03	0.01	0.06	0.03	0.05	0.07	0.02	0.08	0.03	0.01	0.04	0.04	0.09	0.05	0.02	K461
438	P	462	0.05	0.03	0.09	0.07	0.02	0.07	0.03	0.04	0.05	0.02	0.01	0.05	0.03	0.05	0.04	0.06	0.04	0.03	0.03	0.04	P462
439	E	463	0.04	0.07	0.03	0.03	0.06	0.04	0.05	0.11	0.05	0.11	0.09	0.02	0.09	0.05	0.05	0.05	0.02	0.08	0.08	0.09	E463
440	R	464	0.17	0.22	0.14	0.21	0.41	0.18	0.24	0.55	0.15	0.51	0.45	0.2	0.11	0.14	0.05	0.12	0.16	0.24	0.16	0.47	R464
441	K	465	0.18	0.45	0.22	0.25	0.52	0.13	0.15	0.57	0.05	0.57	0.43	0.19	0.37	0.12	0.06	0.31	0.23	0.57	0.29	0.37	K465
442	E	466	0.08	0.07	0.06	0.04	0.12	0.07	0.06	0.12	0.07	0.1	0.07	0.04	0.13	0.07	0.05	0.06	0.07	0.06	0.08	0.07	E466
443	R	467	0.13	0.23	0.1	0.17	0.57	0.16	0.25	0.6	0.18	0.62	0.48	0.11	0.14	0.19	0.06	0.11	0.15	0.4	0.14	0.48	R467
444	I	468	0.19	0.08	0.62	0.47	0.05	0.17	0.21	0.03	0.42	0.05	0.03	0.33	0.16	0.23	0.29	0.19	0.13	0.04	0.07	0.14	I468
445	S	469	0.03	0.05	0.04	0.02	0.06	0.02	0.01	0.07	0.02	0.08	0.05	0.02	0.06	0.02	0.02	0.03	0.02	0.03	0.04	0.03	S469
446	E	470	0.46	0.63	0.12	0.06	0.72	0.13	0.39	0.78	0.33	0.76	0.67	0.17	0.51	0.43	0.45	0.46	0.49	0.77	0.6	0.61	E470
447	Q	471	0.09	0.13	0.09	0.08	0.18	0.13	0.09	0.09	0.08	0.22	0.21	0.04	0.03	0.05	0.08	0.08	0.08	0.15	0.16	0.18	Q471
448	T	472	0.21	0.23	0.58	0.48	0.15	0.13	0.31	0.2	0.45	0.25	0.22	0.43	0.29	0.38	0.38	0.23	0.08	0.18	0.24	0.27	T472
449	Y	473	0.94	0.78	0.99	0.99	0.75	0.96	0.96	0.93	0.99	0.91	0.95	0.97	0.96	0.98	0.98	0.96	0.94	0.95	0.51	0.28	Y473
450	Q	474	0.48	0.55	0.45	0.45	0.55	0.52	0.23	0.68	0.34	0.71	0.49	0.38	0.5	0.1	0.35	0.5	0.48	0.45	0.52	0.54	Q474
451	L	475	0.37	0.27	0.69	0.64	0.18	0.26	0.21	0.16	0.63	0.07	0.18	0.49	0.52	0.54	0.5	0.42	0.27	0.21	0.19	0.11	L475
452	S	476	0.49	0.46	0.76	0.73	0.52	0.38	0.65	0.58	0.74	0.72	0.63	0.68	0.64	0.68	0.65	0.08	0.29	0.57	0.55	0.66	S476
453	R	477	0.2	0.16	0.42	0.42	0.41	0.18	0.46	0.62	0.43	0.65	0.58	0.34	0.36	0.25	0.13	0.27	0.27	0.46	0.57	0.63	R477
454	W	478	0.94	0.93	0.99	0.99	0.87	0.97	0.83	0.97	0.99	0.98	0.95	0.97	0.97	0.99	0.98	0.96	0.95	0.91	0.52	0.87	W478
455	T	479	0.14	0.23	0.39	0.28	0.15	0.16	0.2	0.17	0.23	0.3	0.18	0.23	0.38	0.12	0.25	0.27	0.12	0.16	0.19	0.1	T479
456	P	480	0.82	0.87	0.86	0.9	0.9	0.68	0.9	0.93	0.93	0.93	0.89	0.84	0.25	0.9	0.9	0.88	0.9	0.93	0.9	0.92	P480
457	I	481	0.25	0.24	0.8	0.55	0.13	0.21	0.4	0.15	0.64	0.22	0.18	0.44	0.54	0.51	0.51	0.48	0.27	0.14	0.17	0.32	I481
458	I	482	0.58	0.36	0.96	0.93	0.63	0.73	0.84	0.16	0.92	0.38	0.47	0.87	0.77	0.88	0.9	0.58	0.46	0.22	0.64	0.8	I482
459	K	483	0.44	0.6	0.6	0.52	0.78	0.41	0.36	0.81	0.27	0.88	0.71	0.54	0.61	0.53	0.47	0.45	0.48	0.73	0.77	0.82	K483
460	D	484	0.47	0.73	0.27	0.46	0.9	0.54	0.61	0.93	0.56	0.89	0.82	0.37	0.63	0.5	0.45	0.47	0.54	0.78	0.82	0.72	D484
461	I	485	0.59	0.37	0.96	0.94	0.65	0.74	0.85	0.17	0.93	0.4	0.47	0.88	0.58	0.88	0.9	0.77	0.41	0.21	0.66	0.81	I485
462	M	486	0.46	0.38	0.95	0.94	0.73	0.76	0.86	0.5	0.94	0.56	0.18	0.86	0.82	0.93	0.92	0.79	0.64	0.5	0.79	0.82	M486
463	E	487	0.52	0.71	0.38	0.17	0.79	0.34	0.5	0.83	0.49	0.75	0.71	0.31	0.65	0.42	0.48	0.45	0.52	0.82	0.68	0.71	E487
464	D	488	0.44	0.75	0.16	0.37	0.78	0.33	0.27	0.84	0.27	0.77	0.65	0.19	0.59	0.26	0.31	0.38	0.53	0.78	0.59	0.61	D488
465	T	489	0.03	0.07	0.46	0.33	0.09	0.1	0.16	0.07	0.3	0.08	0.09	0.27	0.28	0.22	0.22	0.15	0.15	0.09	0.1	0.12	T489
466	I	490	0.25	0.13	0.76	0.65	0.38	0.32	0.44	0.11	0.6	0.4	0.33	0.5	0.4	0.38	0.47	0.19	0.19	0.15	0.29	0.46	I490
467	E	491	0.5	0.73	0.29	0.22	0.81	0.32	0.49	0.86	0.34	0.83	0.73	0.29	0.64	0.43	0.48	0.54	0.57	0.84	0.69	0.71	E491
468	D	492	0.41	0.7	0.15	0.33	0.78	0.23	0.45	0.83	0.48	0.78	0.7	0.2	0.65	0.42	0.46	0.49	0.56	0.76	0.64	0.63	D492
469	K	493	0.35	0.46	0.35	0.31	0.59	0.43	0.17	0.49	0.15	0.46	0.51	0.28	0.37	0.19	0.06	0.43	0.31	0.48	0.37	0.45	K493
470	L	494	0.49	0.25	0.86	0.72	0.47	0.54	0.69	0.41	0.83	0.12	0.38	0.74	0.63	0.78	0.8	0.6	0.39	0.39	0.54	0.65	L494
471	D	495	0.57	0.81	0.24	0.49	0.69	0.46	0.54	0.88	0.44	0.84	0.76	0.43	0.47	0.51	0.43	0.58	0.62	0.84	0.69	0.7	D495
472	T	496	0.11	0.26	0.08	0.03	0.23	0.04	0.05	0.2	0.03	0.18	0.16	0.05	0.1	0.04	0.02	0.1	0.13	0.32	0.14	0.14	T496
473	K	497	0.42	0.48	0.25	0.31	0.6	0.44	0.24	0.65	0.14	0.44	0.55	0.18	0.52	0.21	0.21	0.41	0.28	0.54	0.41	0.47	K497
474	H	498	0.33	0.47	0.3	0.31	0.56	0.31	0.37	0.51	0.28	0.17	0.34	0.43	0.19	0.24	0.3	0.32	0.29	0.47	0.42	0.52	H498
475	Y	499	0.86	0.74	0.97	0.97	0.29	0.58	0.8	0.9	0.97	0.89	0.86	0.8	0.91	0.95	0.96	0.89	0.85	0.88	0.03	0.3	Y499
476	P	500	0.84	0.83	0.89	0.87	0.77	0.74	0.74	0.89	0.81	0.83	0.87	0.8	0.2	0.84	0.77	0.85	0.87	0.9	0.78	0.82	P500
477	Y	501	0.69	0.29	0.93	0.85	0.19	0.79	0.69	0.79	0.91	0.79	0.72	0.85	0.8	0.89	0.9	0.73	0.6	0.73	0.69	0.3	Y501
478	I	502	0.47	0.15	0.91	0.84	0.11	0.46	0.58	0.08	0.81	0.15	0.12	0.71	0.68	0.7	0.7	0.67	0.48	0.09	0.24	0.43	I502
479	S	503	0.13	0.12	0.17	0.13	0.31	0.13	0.16	0.35	0.16	0.3	0.26	0.11	0.21	0.16	0.14	0.04	0.14	0.24	0.19	0.24	S503
480	T	504	0.06	0.07	0.01	0.01	0.07	0.04	0.02	0.19	0.02	0.18	0.08	0.03	0.04	0.01	0.02	0.05	0.05	0.17	0.08	0.07	T504
481	R	505	0.14	0.06	0.1	0.1	0.15	0.18	0.12	0.26	0.1	0.26	0.21	0.12	0.01	0.08	0.07	0.12	0.11	0.2	0.15	0.11	R505
482	R	532	0.76	0.73	0.73	0.69	0.82	0.76	0.52	0.84	0.27	0.66	0.79	0.64	0.76	0.53	0.08	0.68	0.61	0.79	0.65	0.74	R532
483	S	533	0.05	0.17	0.1	0.07	0.22	0.07	0.09	0.26	0.08	0.19	0.16	0.06	0.09	0.06	0.07	0.07	0.07	0.13	0.13	0.16	S533
484	G	534	0.43	0.29	0.67	0.57	0.54	0.1	0.55	0.4	0.59	0.57	0.5	0.6	0.58	0.52	0.35	0.46	0.39	0.26	0.6	0.55	G534
485	P	535	0.63	0.69	0.76	0.69	0.77	0.45	0.7	0.75	0.74	0.85	0.79	0.56	0.19	0.59	0.67	0.56	0.7	0.77	0.72	0.78	P535
486	R	536	0.79	0.83	0.83	0.8	0.96	0.77	0.82	0.96	0.63	0.96	0.94	0.81	0.68	0.65	0.3	0.76	0.77	0.86	0.91	0.94	R536
487	L	537	0.41	0.29	0.89	0.87	0.34	0.56	0.7	0.23	0.87	0.18	0.34	0.77	0.64	0.81	0.82	0.57	0.35	0.18	0.53	0.64	L537
488	I	538	0.89	0.74	0.99	0.99	0.56	0.95	0.97	0.28	0.99	0.57	0.67	0.98	0.95	0.98	0.98	0.96	0.88	0.56	0.89	0.95	I538
489	I	539	0.79	0.58	0.99	0.98	0.83	0.9	0.96	0.27	0.98	0.72	0.75	0.96	0.92	0.97	0.97	0.92	0.79	0.13	0.87	0.84	I539
490	F	540	0.99	0.9	1	1	0.61	0.99	0.98	0.99	1	0.99	0.99	0.99	0.99	1	1	0.99	0.99	0.98	0.92	0.68	F540
491	I	541	0.8	0.59	0.99	0.98	0.6	0.9	0.96	0.24	0.98	0.73	0.44	0.96	0.91	0.96	0.97	0.92	0.79	0.2	0.86	0.93	I541
492	L	542	0.26	0.19	0.88	0.85	0.39	0.53	0.62	0.06	0.87	0.23	0.17	0.74	0.58	0.79	0.83	0.58	0.36	0.06	0.49	0.62	L542
493	G	543	0.99	0.98	1	1	1	0.34	1	1	1	1	1	1	0.99	1	1	1	0.99	1	1	1	G543
494	G	544	1	0.98	1	1	1	0.35	1	1	1	1	1	1	0.99	1	1	1	0.99	1	1	1	G544
495	V	545	0.3	0.19	0.88	0.85	0.33	0.24	0.61	0.21	0.82	0.41	0.26	0.68	0.74	0.75	0.68	0.63	0.47	0.1	0.34	0.53	V545
496	S	546	0.12	0.29	0.61	0.56	0.63	0.16	0.51	0.67	0.61	0.71	0.58	0.24	0.43	0.52	0.52	0.13	0.05	0.52	0.51	0.63	S546
497	L	547	0.12	0.07	0.46	0.39	0.03	0.15	0.09	0.21	0.42	0.24	0.04	0.26	0.2	0.29	0.15	0.16	0.11	0.16	0.12	0.03	L547
498	N	548	0.06	0.16	0.29	0.14	0.57	0.18	0.42	0.51	0.29	0.52	0.46	0.25	0.12	0.25	0.36	0.02	0.18	0.32	0.44	0.55	N548
499	E	549	0.97	0.96	0.93	0.29	0.99	0.91	0.98	1	0.98	1	1	0.94	0.96	0.98	0.99	0.97	0.97	0.99	0.99	0.99	E549
500	M	550	0.53	0.56	0.95	0.95	0.76	0.76	0.88	0.57	0.94	0.68	0.2	0.9	0.84	0.94	0.93	0.76	0.62	0.66	0.83	0.7	M550
501	R	551	0.71	0.83	0.85	0.86	0.96	0.72	0.82	0.96	0.78	0.94	0.95	0.84	0.69	0.8	0.36	0.74	0.79	0.92	0.93	0.95	R551
502	C	552	0.5	0.44	0.92	0.81	0.71	0.68	0.82	0.82	0.88	0.85	0.77	0.74	0.86	0.83	0.85	0.64	0.67	0.75	0.79	0.83	C552
503	A	553	0.14	0.15	0.87	0.87	0.49	0.51	0.7	0.35	0.86	0.39	0.49	0.68	0.72	0.8	0.79	0.68	0.56	0.27	0.49	0.61	A553
504	Y	554	0.75	0.61	0.93	0.92	0.88	0.85	0.86	0.93	0.91	0.94	0.9	0.89	0.87	0.88	0.86	0.8	0.76	0.89	0.93	0.46	Y554
505	E	555	0.73	0.84	0.6	0.33	0.75	0.53	0.61	0.91	0.56	0.8	0.84	0.49	0.8	0.7	0.61	0.74	0.71	0.91	0.81	0.83	E555
506	V	556	0.52	0.45	0.88	0.86	0.24	0.53	0.63	0.43	0.76	0.28	0.44	0.71	0.78	0.58	0.63	0.68	0.66	0.17	0.18	0.55	V556
507	T	557	0.52	0.67	0.78	0.75	0.8	0.39	0.7	0.83	0.75	0.84	0.79	0.45	0.76	0.71	0.73	0.41	0.21	0.82	0.78	0.8	T557
508	Q	558	0.26	0.41	0.32	0.31	0.5	0.31	0.24	0.55	0.16	0.58	0.41	0.18	0.44	0.12	0.07	0.29	0.29	0.52	0.17	0.46	Q558
509	A	559	0.07	0.28	0.3	0.23	0.45	0.3	0.26	0.51	0.29	0.4	0.41	0.18	0.34	0.27	0.26	0.16	0.13	0.45	0.34	0.41	A559
510	N	560	0.31	0.61	0.14	0.22	0.66	0.26	0.23	0.73	0.25	0.64	0.55	0.25	0.43	0.17	0.34	0.41	0.19	0.59	0.46	0.39	N560
511	G	561	0.34	0.28	0.26	0.22	0.54	0.12	0.29	0.54	0.24	0.36	0.29	0.14	0.22	0.2	0.25	0.27	0.22	0.47	0.53	0.31	G561
512	K	562	0.63	0.68	0.59	0.63	0.78	0.4	0.48	0.81	0.18	0.83	0.78	0.45	0.59	0.52	0.32	0.66	0.56	0.75	0.62	0.7	K562
513	W	563	0.99	0.97	1	1	0.99	1	1	1	1	1	0.99	1	0.99	1	0.99	1	0.99	0.99	0.77	0.99	W563
514	E	564	0.71	0.8	0.56	0.31	0.95	0.62	0.8	0.96	0.72	0.95	0.93	0.58	0.76	0.77	0.64	0.71	0.72	0.93	0.93	0.93	E564
515	V	565	0.57	0.47	0.96	0.96	0.59	0.73	0.88	0.44	0.95	0.73	0.75	0.88	0.83	0.93	0.92	0.74	0.7	0.17	0.79	0.77	V565
516	L	566	0.42	0.23	0.89	0.87	0.22	0.55	0.68	0.11	0.87	0.12	0.21	0.76	0.59	0.79	0.82	0.6	0.41	0.09	0.44	0.35	L566
517	I	567	0.65	0.43	0.97	0.95	0.6	0.78	0.88	0.11	0.94	0.31	0.41	0.91	0.81	0.9	0.92	0.82	0.65	0.33	0.68	0.55	I567
518	G	568	0.87	0.89	0.99	0.99	0.99	0.21	0.99	0.99	0.99	0.99	0.99	0.98	0.96	0.99	0.99	0.96	0.95	0.98	0.98	0.99	G568
519	S	569	0.38	0.52	0.85	0.85	0.86	0.12	0.82	0.89	0.88	0.91	0.86	0.77	0.69	0.83	0.81	0.09	0.39	0.79	0.8	0.87	S569
520	T	570	0.53	0.63	0.54	0.68	0.84	0.29	0.68	0.9	0.76	0.91	0.82	0.65	0.71	0.69	0.75	0.19	0.17	0.87	0.81	0.83	T570
521	H	571	0.54	0.77	0.6	0.6	0.93	0.65	0.38	0.94	0.54	0.93	0.89	0.7	0.71	0.7	0.72	0.48	0.5	0.83	0.88	0.94	H571
522	I	572	0.82	0.4	0.99	0.98	0.77	0.9	0.95	0.23	0.98	0.76	0.77	0.96	0.92	0.96	0.97	0.92	0.81	0.47	0.88	0.94	I572
523	L	573	0.46	0.31	0.6	0.79	0.39	0.47	0.44	0.4	0.8	0.17	0.38	0.69	0.6	0.73	0.78	0.56	0.39	0.3	0.48	0.45	L573
524	T	574	0.57	0.7	0.52	0.64	0.8	0.32	0.62	0.84	0.67	0.82	0.77	0.32	0.71	0.62	0.65	0.54	0.2	0.83	0.76	0.77	T574
525	P	575	0.93	0.93	0.95	0.95	0.96	0.64	0.94	0.98	0.94	0.98	0.97	0.92	0.25	0.95	0.92	0.91	0.92	0.98	0.93	0.96	P575
526	Q	576	0.08	0.12	0.1	0.12	0.18	0.1	0.06	0.21	0.05	0.21	0.21	0.06	0.07	0.16	0.08	0.11	0.01	0.14	0.16	0.19	Q576
527	K	577	0.18	0.33	0.18	0.11	0.42	0.12	0.13	0.4	0.15	0.5	0.35	0.13	0.31	0.07	0.09	0.11	0.14	0.47	0.26	0.31	K577
528	L	578	0.42	0.19	0.75	0.79	0	0.37	0.1	0.43	0.79	0.12	0.33	0.45	0.42	0.58	0.68	0.43	0.4	0.36	0.01	0.01	L578
529	L	579	0.84	0.68	0.98	0.98	0.63	0.88	0.94	0.37	0.98	0.13	0.49	0.96	0.89	0.96	0.96	0.93	0.84	0.53	0.8	0.88	L579
530	D	580	0.33	0.63	0.25	0.2	0.65	0.3	0.3	0.72	0.22	0.62	0.2	0.17	0.52	0.22	0.25	0.34	0.25	0.64	0.45	0.48	D580
531	T	581	0.05	0.22	0	0.01	0.1	0.02	0.02	0.31	0.02	0.27	0.14	0.02	0.07	0.01	0.04	0.05	0.13	0.29	0.12	0.1	T581
532	L	582	0.71	0.5	0.96	0.95	0.26	0.8	0.88	0.29	0.95	0.1	0.33	0.92	0.81	0.91	0.93	0.84	0.7	0.31	0.67	0.79	L582
533	K	583	0.29	0.41	0.39	0.31	0.76	0.19	0.27	0.76	0.14	0.68	0.64	0.29	0.37	0.22	0.11	0.22	0.26	0.66	0.56	0.64	K583
534	K	584	0.02	0.04	0.03	0.02	0.04	0.02	0.02	0.06	0.05	0.04	0.01	0.02	0.05	0.02	0.02	0.03	0.01	0.05	0.03	0.04	K584
535	L	585	0.15	0.14	0.68	0.64	0.09	0.31	0.44	0.14	0.64	0.03	0.1	0.51	0.36	0.53	0.58	0.37	0.25	0.12	0.24	0.34	L585
