pos	A	C	D	E	F	G	H	I	K	L	M	N	P	Q	R	S	T	V	W	Y
1M 0.60	0.09	0.02	0.01	0.02	0.06	0.02	0.01	0.23	0.02	0.31	1	0.01	0.02	0.02	0.02	0.03	0.06	0.51	0.01	0.02
																				
2A 0.60	1	0	0	0	0	0	0	0	0	0	0	0	0	0	0	0	0	0	0	0
																				
3P 0.60	0.18	0.01	0.25	0.7	0.02	0.1	0.04	0.03	0.16	0.05	0.02	0.09	1	0.14	0.08	0.12	0.09	0.06	0.01	0.02
																				
4I 0.70	0.68	0.14	0.39	0.6	0.52	0.37	0.38	0.56	0.61	1	0.28	0.4	0.26	0.45	0.47	0.57	0.52	0.63	0.13	0.62
																				
5G 0.90	0.37	0.02	0.02	0.02	0.01	1	0.01	0.01	0.02	0.02	0.01	0.02	0.05	0.02	0.02	0.4	0.04	0.03	0	0.01
																				
6L 0.90	0	0	0	0	0	0	0	0	0	1	0	0	0	0	0	0	0	0	0	0
																				
7K 0.90	0.02	0	0	0.02	0	0.01	0.01	0.01	1	0.02	0.01	0.02	0.01	0.04	0.34	0.01	0.02	0.01	0	0.01
																				
8A 0.90	1	0.07	0.46	0.96	0.07	0.37	0.1	0.18	0.62	0.26	0.09	0.34	0.25	0.41	0.36	0.78	0.48	0.4	0.02	0.06
																				
9V 0.90	0.04	0.01	0	0.01	0.03	0.01	0	0.18	0.01	0.6	0.04	0.01	0.01	0.01	0.01	0.01	0.03	1	0	0.01
																				
10V 0.90	0.13	0.22	0.01	0.02	0.02	0.02	0.01	0.17	0.02	0.11	0.03	0.01	0.03	0.02	0.01	0.03	0.09	1	0	0.01
																				
11G 0.90	0.87	0.17	0.37	0.57	0.52	0.62	0.47	0.37	1	0.63	0.21	0.47	0.33	0.54	0.81	0.67	0.55	0.52	0.19	0.73
																				
12E 0.90	0.12	0.01	0.53	1	0.01	0.06	0.02	0.02	0.14	0.04	0.01	0.07	0.05	0.5	0.25	0.1	0.08	0.04	0	0.01
																				
13K 1.00	0.01	0	0	0.02	0	0.01	0.01	0.01	1	0.01	0	0.01	0.01	0.03	0.3	0.01	0.02	0.01	0	0.01
																				
14I 1.00	0.01	0	0	0	0.03	0	0	1	0	0.41	0.03	0	0	0	0	0	0.01	0.1	0	0.01
																				
15M 1.00	0.07	0.02	0.01	0.03	0.14	0.02	0.02	0.26	0.16	1	0.25	0.02	0.03	0.05	0.06	0.03	0.05	0.16	0.02	0.03
																				
16H 1.00	0.43	0.04	0.27	0.27	0.06	0.19	0.23	0.09	0.27	0.13	0.05	1	0.12	0.18	0.17	0.76	0.63	0.13	0.02	0.09
																				
17D 1.00	0.58	0.04	0.62	1	0.04	0.33	0.1	0.13	0.67	0.21	0.08	0.4	0.22	0.47	0.36	0.54	0.42	0.2	0.02	0.04
																				
18V 1.00	0.04	0.01	0	0.01	0.02	0	0	0.11	0.01	0.09	0.23	0	0.01	0.01	0.01	0.01	0.03	1	0	0.01
																				
19I 1.00	0.02	0.01	0	0.01	0.3	0.01	0	1	0.01	0.16	0.03	0.01	0	0	0.01	0.01	0.02	0.75	0	0.02
																				
20K 1.00	0.17	0.01	0.41	0.28	0.02	0.13	0.08	0.05	0.72	0.09	0.03	0.19	0.09	0.22	1	0.17	0.14	0.07	0.01	0.04
																				
21K 1.00	0.83	0.09	0.74	1	0.17	0.46	0.22	0.25	0.94	0.4	0.14	0.61	0.35	0.61	0.55	1	0.88	0.37	0.05	0.25
																				
22V 1.00	0.19	0.15	0.02	0.04	0.07	0.02	0.02	0.74	0.1	0.38	0.07	0.03	0.04	0.03	0.03	0.04	0.15	1	0.01	0.04
																				
23K 1.00	0.13	0.01	0.07	0.18	0.02	0.08	0.07	0.05	1	0.09	0.03	0.11	0.17	0.2	0.5	0.13	0.29	0.06	0.01	0.03
																				
24K 1.00	0.22	0.02	0.12	0.24	0.03	0.16	0.09	0.05	1	0.12	0.04	0.15	0.29	0.24	0.5	0.17	0.15	0.09	0.02	0.05
																				
25K 1.00	0.29	0.02	0.62	1	0.02	0.14	0.05	0.07	0.46	0.11	0.04	0.18	0.24	0.25	0.31	0.26	0.2	0.1	0.01	0.02
pos	A	C	D	E	F	G	H	I	K	L	M	N	P	Q	R	S	T	V	W	Y
26G 1.00	0.71	0.04	0.05	0.05	0.02	1	0.01	0.02	0.05	0.05	0.02	0.04	0.26	0.04	0.04	0.39	0.09	0.07	0.01	0.02
																				
27E 1.00	0.36	0.02	0.23	1	0.02	0.13	0.03	0.03	0.16	0.05	0.02	0.09	0.09	0.14	0.08	0.35	0.13	0.07	0.01	0.02
																				
28W 1.00	0	0	0	0	0	0	0	0	0	0	0	0	0	0	0	0	0	0	1	0
																				
29K 1.00	0.02	0	0.01	0.03	0	0.02	0.02	0.01	1	0.02	0.01	0.16	0.02	0.05	0.24	0.02	0.02	0.01	0	0.01
																				
30V 1.00	0.32	0.02	0.01	0.02	0.02	0	0	0.45	0.02	0.11	0.03	0.01	0.02	0.01	0.01	0.02	0.07	1	0	0.01
																				
31L 1.00	0.01	0	0	0	0.03	0	0	0.05	0	1	0.25	0	0	0.01	0	0	0.01	0.03	0	0
																				
32V 1.00	0.01	0	0	0	0.02	0.01	0	1	0.01	0.38	0.02	0	0	0	0	0.01	0.01	0.5	0	0.01
																				
33V 1.00	0.06	0.01	0.01	0.01	0.07	0.01	0.01	0.27	0.02	0.72	0.49	0.01	0.02	0.02	0.01	0.01	0.04	1	0.01	0.01
																				
34D 1.00	0	0	1	0	0	0	0	0	0	0	0	0	0	0	0	0	0	0	0	0
																				
35Q 1.00	0.43	0.03	0.4	1	0.05	0.22	0.5	0.11	0.84	0.19	0.07	0.29	0.18	0.82	0.43	0.4	0.5	0.17	0.02	0.06
																				
36L 1.00	0.44	0.12	0.23	0.33	0.53	0.26	0.34	0.45	0.27	1	0.27	0.25	0.18	0.25	0.26	0.33	0.32	0.45	0.12	0.61
																				
37S 1.00	0.41	0.03	0.05	0.06	0.01	0.28	0.01	0.02	0.06	0.04	0.02	0.06	0.07	0.04	0.04	1	0.49	0.06	0.01	0.01
																				
38M 1.00	0.08	0.02	0.01	0.02	0.11	0.01	0.01	0.23	0.03	0.87	1	0.02	0.03	0.03	0.02	0.03	0.36	0.18	0.01	0.02
																				
39R 1.00	0.02	0	0	0.02	0	0.01	0.01	0.01	0.34	0.01	0	0.01	0.01	0.03	1	0.01	0.02	0.01	0	0.01
																				
40M 1.00	0.05	0.01	0.01	0.01	0.08	0.01	0	1	0.02	0.8	0.67	0.01	0.01	0.01	0.01	0.02	0.04	0.81	0.01	0.02
																				
41L 1.00	0.02	0.01	0	0	0.03	0	0	0.41	0.01	1	0.03	0	0.01	0.01	0.01	0.01	0.02	0.3	0	0.01
																				
42S 1.00	0.19	0.01	0.01	0.01	0	0.04	0	0.01	0.01	0.01	0	0.01	0.02	0.01	0.01	1	0.04	0.02	0	0
																				
43S 1.00	0.56	0.02	0.02	0.02	0.01	0.09	0	0.01	0.02	0.02	0.01	0.02	0.04	0.01	0.01	1	0.06	0.03	0	0.01
																				
44C 1.00	0	1	0	0	0	0	0	0	0	0	0	0	0	0	0	0	0	0	0	0
																				
45C 1.00	0.06	1	0.01	0.01	0.01	0.03	0	0.02	0.01	0.02	0.01	0.02	0.02	0.01	0.01	0.06	0.19	0.04	0	0.01
																				
46K 1.00	0.2	0.02	0.14	0.14	0.02	0.34	0.06	0.03	1	0.07	0.02	0.17	0.09	0.14	0.27	0.16	0.1	0.05	0.01	0.04
																				
47M 1.00	0	0	0	0	0	0	0	0	0	0	1	0	0	0	0	0	0	0	0	0
																				
48T 1.00	0.62	0.19	0.3	0.33	0.63	0.37	0.51	0.4	0.37	0.62	0.22	0.43	0.27	0.33	0.37	0.86	1	0.52	0.17	0.89
																				
49D 1.00	0.02	0	1	0.21	0	0.04	0.01	0	0.03	0.01	0	0.2	0.02	0.03	0.01	0.03	0.02	0.01	0	0.01
																				
50I 1.00	0.01	0	0	0	0.02	0	0	1	0	0.36	0.03	0	0	0	0	0	0.01	0.1	0	0.01
pos	A	C	D	E	F	G	H	I	K	L	M	N	P	Q	R	S	T	V	W	Y
51M 1.00	0.06	0.01	0.01	0.02	0.1	0.02	0.01	0.19	0.02	1	0.5	0.02	0.02	0.03	0.02	0.13	0.04	0.12	0.01	0.02
																				
52T 1.00	0.58	0.04	0.47	1	0.04	0.22	0.07	0.1	0.35	0.14	0.05	0.19	0.18	0.3	0.17	0.35	0.32	0.2	0.01	0.04
																				
53E 1.00	0	0	0	1	0	0	0	0	0	0	0	0	0	0	0	0	0	0	0	0
																				
54G 1.00	0.09	0.01	0.07	0.05	0.01	1	0.02	0.01	0.3	0.02	0.01	0.08	0.04	0.04	0.06	0.07	0.04	0.02	0	0.01
																				
55I 1.00	0.01	0	0	0	0.01	0	0	1	0	0.05	0.01	0	0	0	0	0	0.01	0.33	0	0
																				
56T 1.00	0	0	0	0	0	0	0	0	0	0	0	0	0	0	0	0	1	0	0	0
																				
57I 1.00	0.02	0	0	0	0.02	0.01	0	1	0.01	0.28	0.02	0	0	0	0	0.01	0.02	0.86	0	0.01
																				
58V 1.00	0.01	0	0	0	0.01	0	0	0.2	0	0.04	0.01	0	0	0	0	0	0.01	1	0	0
																				
59E 1.00	0	0	0	1	0	0	0	0	0	0	0	0	0	0	0	0	0	0	0	0
																				
60D 1.00	0.06	0.01	1	0.12	0.01	0.15	0.05	0.01	0.33	0.02	0.01	0.51	0.04	0.06	0.04	0.13	0.06	0.01	0.01	0.02
																				
61I 1.00	0.01	0	0	0	0.02	0	0	1	0	0.21	0.02	0	0	0	0	0	0.01	0.08	0	0
																				
62N 1.00	0.11	0.03	0.63	0.16	0.03	0.35	0.11	0.02	0.15	0.03	0.01	1	0.08	0.1	0.08	0.27	0.11	0.03	0.01	0.22
																				
63K 1.00	0.03	0	0.05	0.04	0.01	0.04	0.02	0.01	1	0.02	0.01	0.28	0.02	0.04	0.09	0.04	0.03	0.01	0	0.01
																				
64R 1.00	0.22	0.02	0.13	0.3	0.04	0.16	0.13	0.07	1	0.16	0.05	0.32	0.23	0.35	1	0.21	0.21	0.1	0.02	0.07
																				
65R 1.00	0	0	0	0	0	0	0	0	0	0	0	0	0	0	1	0	0	0	0	0
																				
66E 1.00	0.02	0	0.06	1	0	0.01	0.01	0	0.03	0.01	0	0.01	0.01	0.24	0.01	0.01	0.01	0.01	0	0
																				
67P 1.00	0.16	0.02	0.06	0.1	0.02	0.12	0.05	0.03	0.31	0.07	0.02	0.08	1	0.12	0.48	0.11	0.09	0.05	0.01	0.03
																				
68L 1.00	0.03	0.01	0.01	0.01	0.04	0.01	0	0.79	0.01	1	0.05	0.01	0.01	0.01	0.01	0.01	0.03	0.67	0.01	0.01
																				
69P 1.00	0.17	0.02	0.06	0.12	0.02	0.13	0.05	0.04	0.36	0.08	0.03	0.09	1	0.13	0.53	0.12	0.1	0.06	0.01	0.03
																				
70S 1.00	0.17	0.03	0.14	0.14	0.02	0.09	0.03	0.05	0.15	0.06	0.03	0.48	0.08	0.44	0.09	1	0.84	0.07	0.01	0.02
																				
71L 1.00	0.01	0	0	0	0.03	0	0	0.06	0	1	0.42	0	0.01	0.01	0	0	0.01	0.04	0	0
																				
72E 1.00	0.05	0	0.24	1	0	0.02	0.01	0.01	0.29	0.01	0	0.03	0.03	0.06	0.02	0.03	0.02	0.01	0	0.01
																				
73A 1.00	1	0	0	0	0	0	0	0	0	0	0	0	0	0	0	0	0	0	0	0
																				
74V 1.00	0.01	0	0	0	0.02	0	0	1	0	0.34	0.02	0	0	0	0	0	0.01	0.28	0	0.01
																				
75Y 1.00	0	0	0	0	0	0	0	0	0	0	0	0	0	0	0	0	0	0	0	1
pos	A	C	D	E	F	G	H	I	K	L	M	N	P	Q	R	S	T	V	W	Y
76L 1.00	0.03	0.01	0	0.01	0.52	0.01	0.01	0.15	0.01	1	0.1	0.01	0.01	0.02	0.01	0.01	0.02	0.09	0.03	0.08
																				
77I 1.00	0.03	0.01	0	0.01	0.06	0.01	0	0.97	0.01	1	0.07	0.01	0.01	0.01	0.01	0.01	0.02	0.16	0.01	0.01
																				
78T 1.00	0.26	0.01	0.02	0.02	0.01	0.03	0.01	0.02	0.02	0.02	0.01	0.04	0.03	0.02	0.02	0.75	1	0.03	0	0.01
																				
79P 1.00	0	0	0	0	0	0	0	0	0	0	0	0	1	0	0	0	0	0	0	0
																				
80S 1.00	0.03	0.01	0.01	0.01	0	0.01	0	0.01	0.01	0.01	0	0.02	0.01	0.01	0.01	0.32	1	0.01	0	0
																				
81E 1.00	0.54	0.03	0.56	1	0.03	0.24	0.08	0.11	0.55	0.17	0.06	0.29	0.21	0.4	0.29	0.45	0.33	0.17	0.01	0.03
																				
82K 1.00	0.07	0	0.11	0.55	0.01	0.04	0.03	0.02	1	0.03	0.01	0.05	0.04	0.37	0.12	0.05	0.05	0.03	0	0.01
																				
83S 1.00	0	0	0	0	0	0	0	0	0	0	0	0	0	0	0	1	0	0	0	0
																				
84V 1.00	0.01	0	0	0	0.01	0	0	0.53	0	0.06	0.01	0	0	0	0	0	0.01	1	0	0.01
																				
85H 1.00	0.32	0.03	1	0.64	0.06	0.28	0.22	0.08	0.49	0.15	0.05	0.4	0.16	0.58	0.42	0.35	0.25	0.12	0.02	0.09
																				
86S 1.00	1	0.17	0.48	0.74	0.19	0.52	0.2	0.22	0.74	0.42	0.13	0.41	0.3	0.47	0.44	0.75	0.52	0.34	0.05	0.25
																				
87L 1.00	0.02	0	0	0	0.27	0	0	0.08	0.01	1	0.05	0	0.01	0.01	0.01	0.01	0.01	0.05	0.01	0.03
																				
88I 1.00	0.01	0	0	0	0.02	0	0	1	0	0.36	0.03	0	0	0	0	0	0.01	0.1	0	0.01
																				
89S 1.00	0.85	0.06	0.61	0.99	0.07	0.38	0.19	0.2	1	0.32	0.11	0.59	0.28	0.66	0.67	0.78	0.57	0.29	0.02	0.07
																				
90D 1.00	0	0	1	0	0	0	0	0	0	0	0	0	0	0	0	0	0	0	0	0
																				
91F 1.00	0.01	0	0	0	1	0	0	0.01	0	0.03	0.01	0	0	0	0	0	0	0.01	0.02	0.21
																				
92K 0.90	0.67	0.04	0.48	0.88	0.04	0.38	0.1	0.15	1	0.24	0.08	0.39	0.22	0.63	0.5	0.57	0.45	0.22	0.01	0.04
																				
93D 0.90	0.4	0.04	0.89	0.55	0.04	1	0.15	0.09	0.89	0.15	0.05	0.93	0.19	0.33	0.28	0.95	0.34	0.14	0.02	0.07
																				
94P 1.00	0.68	0.1	0.33	0.46	0.09	0.31	0.13	0.21	0.66	0.27	0.1	0.37	0.27	0.35	0.43	0.88	1	0.38	0.04	0.11
																				
95P 1.00	1	0.09	0.11	0.12	0.04	0.5	0.03	0.06	0.12	0.1	0.05	0.1	0.32	0.09	0.08	0.64	0.3	0.17	0.02	0.03
																				
96T 1.00	0.77	0.07	0.61	1	0.07	0.38	0.14	0.2	0.96	0.31	0.11	0.53	0.3	0.58	0.63	0.98	0.98	0.3	0.03	0.07
																				
97A 1.00	1	0.19	0.67	0.93	0.59	0.62	0.53	0.44	0.99	0.73	0.25	0.69	0.4	0.67	0.74	0.9	0.75	0.61	0.16	0.81
																				
98K 1.00	0.72	0.15	0.4	0.67	0.52	0.42	0.48	0.4	1	0.7	0.24	0.46	0.3	0.57	0.79	0.63	0.62	0.53	0.14	0.72
																				
99Y 1.00	0	0	0	0	0	0	0	0	0	0	0	0	0	0	0	0	0	0	0	1
																				
100R 1.00	0.12	0.01	0.03	0.16	0.03	0.08	0.09	0.05	1	0.21	0.04	0.11	0.08	0.25	0.7	0.1	0.12	0.07	0.02	0.05
pos	A	C	D	E	F	G	H	I	K	L	M	N	P	Q	R	S	T	V	W	Y
101A 1.00	1	0.15	0.06	0.07	0.13	0.23	0.07	0.09	0.08	0.14	0.05	0.07	0.11	0.06	0.07	0.23	0.13	0.16	0.03	0.24
																				
102A 1.00	1	0.05	0.03	0.05	0.05	0.08	0.01	0.39	0.05	0.22	0.06	0.03	0.07	0.04	0.03	0.11	0.15	0.4	0.01	0.02
																				
103H 1.00	0.02	0.01	0.02	0.02	0.03	0.02	1	0.02	0.02	0.03	0.01	0.03	0.01	0.02	0.02	0.02	0.02	0.02	0.01	0.29
																				
104V 1.00	0.02	0.01	0	0	0.02	0.01	0	1	0.01	0.41	0.02	0	0	0	0.01	0.01	0.02	0.76	0	0.01
																				
105F 1.00	0.01	0	0	0	1	0	0	0.01	0	0.03	0.01	0	0	0	0	0	0	0.01	0.03	0.34
																				
106F 1.00	0.01	0	0	0	1	0	0	0.06	0	0.38	0.04	0	0.01	0.01	0	0.01	0.01	0.04	0.02	0.07
																				
107T 1.00	0	0	0	0	0	0	0	0	0	0	0	0	0	0	0	0	1	0	0	0
																				
108D 1.00	0.06	0	1	0.57	0.01	0.05	0.02	0.01	0.06	0.02	0.01	0.06	0.03	0.07	0.02	0.34	0.04	0.02	0	0.01
																				
109S 1.00	1	0.17	0.61	0.93	0.5	0.5	0.42	0.44	0.92	0.66	0.23	0.59	0.36	0.63	0.62	0.97	0.95	0.67	0.13	0.63
																				
110C 1.00	0.09	1	0.01	0.02	0.07	0.03	0.01	0.13	0.02	0.52	0.07	0.01	0.03	0.02	0.02	0.04	0.05	0.13	0.01	0.03
																				
111P 1.00	0.07	0.01	0.02	0.01	0	0.04	0	0.01	0.01	0.01	0	0.02	1	0.01	0.01	0.18	0.03	0.01	0	0
																				
112D 1.00	0.05	0	0.67	1	0	0.02	0.01	0.01	0.05	0.01	0	0.03	0.03	0.07	0.02	0.03	0.02	0.01	0	0.01
																				
113A 1.00	0.76	0.05	0.6	1	0.06	0.37	0.12	0.18	0.89	0.3	0.1	0.5	0.34	0.6	0.51	0.73	0.55	0.33	0.02	0.05
																				
114L 1.00	0.13	0.02	0.1	0.28	0.12	0.05	0.03	0.23	0.1	1	0.14	0.04	0.06	0.08	0.07	0.06	0.07	0.18	0.02	0.04
																				
115F 1.00	0	0	0	0	1	0	0	0	0	0	0	0	0	0	0	0	0	0	0	0
																				
116N 1.00	0.27	0.04	0.29	0.28	0.03	0.19	0.07	0.07	0.61	0.1	0.04	0.97	0.12	0.19	0.18	1	0.63	0.11	0.01	0.04
																				
117E 1.00	0.27	0.02	0.47	1	0.02	0.14	0.05	0.06	0.69	0.1	0.04	0.17	0.12	0.25	0.17	0.24	0.3	0.09	0.01	0.02
																				
118L 0.80	0	0	0	0	0	0	0	0	0	1	0	0	0	0	0	0	0	0	0	0
																				
119V 1.00	1	0.17	0.3	0.41	0.46	0.56	0.35	0.56	0.42	0.59	0.19	0.34	0.31	0.33	0.35	0.75	0.59	0.69	0.12	0.61
																				
120K 1.00	0.29	0.01	0.04	0.13	0.02	0.06	0.06	0.03	1	0.08	0.03	0.08	0.06	0.17	0.66	0.08	0.09	0.05	0.01	0.03
																				
121S 1.00	0.36	0.01	0.01	0.01	0.01	0.06	0	0.01	0.02	0.01	0.01	0.01	0.03	0.01	0.01	1	0.05	0.02	0	0
																				
122R 1.00	1	0.15	0.47	0.72	0.37	0.53	0.33	0.34	0.74	0.54	0.19	0.45	0.34	0.5	0.53	0.8	0.65	0.52	0.1	0.5
																				
123A 1.00	1	0.17	0.08	0.12	0.16	0.32	0.06	0.46	0.13	0.7	0.17	0.09	0.22	0.1	0.1	0.36	0.35	0.82	0.03	0.09
																				
124A 1.00	1	0.02	0.02	0.03	0.01	0.1	0.01	0.04	0.03	0.04	0.02	0.02	0.05	0.02	0.02	0.38	0.08	0.34	0	0.01
																				
125K 1.00	0.13	0.01	0.06	0.18	0.03	0.16	0.2	0.05	1	0.11	0.04	0.13	0.09	0.25	0.63	0.12	0.13	0.07	0.02	0.06
pos	A	C	D	E	F	G	H	I	K	L	M	N	P	Q	R	S	T	V	W	Y
126V 1.00	0.96	0.17	0.62	0.97	0.53	0.53	0.47	0.43	1	0.69	0.24	0.6	0.36	0.68	0.72	0.86	0.74	0.61	0.14	0.72
																				
127I 1.00	0.01	0	0	0	0.01	0	0	1	0	0.06	0.01	0	0	0	0	0	0.01	0.46	0	0
																				
128K 1.00	0.02	0	0	0.02	0	0.01	0.01	0.01	1	0.01	0	0.01	0.01	0.03	0.32	0.01	0.02	0.01	0	0.01
																				
129T 1.00	0.19	0.03	0.08	0.11	0.03	0.1	0.06	0.06	0.34	0.09	0.03	0.14	0.1	0.14	0.42	0.36	1	0.1	0.02	0.04
																				
130L 1.00	0.06	0.16	0.01	0.02	0.3	0.02	0.02	0.21	0.02	1	0.13	0.02	0.02	0.03	0.02	0.02	0.04	0.14	0.03	0.08
																				
131T 1.00	0.03	0	0.01	0.03	0	0.02	0.01	0.01	1	0.02	0.01	0.02	0.02	0.04	0.08	0.03	0.14	0.02	0	0.01
																				
132E 1.00	0	0	0	1	0	0	0	0	0	0	0	0	0	0	0	0	0	0	0	0
																				
133I 1.00	0	0	0	0	0	0	0	1	0	0	0	0	0	0	0	0	0	0	0	0
																				
134N 1.00	0.03	0.01	0.12	0.04	0.01	0.09	0.35	0	0.04	0.01	0	1	0.02	0.03	0.03	0.07	0.03	0.01	0	0.02
																				
135I 1.00	0.03	0.01	0	0.01	0.06	0.01	0	0.97	0.01	1	0.07	0.01	0.01	0.01	0.01	0.01	0.02	0.16	0.01	0.01
																				
136A 1.00	1	0.03	0.15	0.46	0.02	0.18	0.03	0.04	0.14	0.06	0.02	0.09	0.1	0.1	0.08	0.45	0.14	0.08	0.01	0.02
																				
137F 1.00	0	0	0	0	1	0	0	0	0	0	0	0	0	0	0	0	0	0	0	0
																				
138L 1.00	0.04	0.01	0	0.01	0.05	0.01	0.01	0.39	0.01	1	0.06	0.01	0.01	0.01	0.01	0.01	0.16	0.15	0.01	0.01
																				
139P 1.00	0.36	0.01	0.01	0.02	0.01	0.07	0	0.01	0.02	0.02	0.01	0.01	1	0.01	0.01	0.06	0.03	0.03	0	0
																				
140Y 1.00	0.21	0.07	0.08	0.11	0.28	0.13	0.32	0.35	0.13	0.27	0.09	0.13	0.08	0.23	0.15	0.16	0.16	0.2	0.07	1
																				
141E 1.00	0	0	0	1	0	0	0	0	0	0	0	0	0	0	0	0	0	0	0	0
																				
142S 1.00	0.8	0.18	0.05	0.05	0.02	0.25	0.01	0.03	0.06	0.05	0.02	0.05	0.12	0.04	0.04	1	0.16	0.09	0.01	0.02
																				
143Q 1.00	0	0	0	0	0	0	0	0	0	0	0	0	0	1	0	0	0	0	0	0
																				
144V 1.00	0.31	0.02	0.01	0.02	0.01	0.02	0	0.09	0.02	0.07	0.02	0.01	0.02	0.01	0.01	0.03	0.06	1	0	0.01
																				
145Y 1.00	0.01	0	0	0	1	0	0	0.02	0	0.04	0.01	0	0	0	0	0.01	0.01	0.01	0.03	0.51
																				
146S 1.00	0.24	0.05	0.27	0.16	0.05	0.19	0.23	0.07	0.18	0.09	0.04	0.43	0.12	0.13	0.11	1	0.9	0.11	0.02	0.07
																				
147L 1.00	0	0	0	0	0	0	0	0	0	1	0	0	0	0	0	0	0	0	0	0
																				
148D 1.00	0	0	1	0	0	0	0	0	0	0	0	0	0	0	0	0	0	0	0	0
																				
149S 1.00	1	0.1	0.36	0.55	0.1	0.42	0.11	0.22	0.52	0.29	0.1	0.3	0.27	0.41	0.32	0.8	0.57	0.51	0.03	0.1
																				
150A 1.00	0.43	0.03	0.16	0.12	0.02	0.22	0.04	0.03	0.11	0.05	0.02	0.41	1	0.07	0.07	0.24	0.14	0.07	0.01	0.03
pos	A	C	D	E	F	G	H	I	K	L	M	N	P	Q	R	S	T	V	W	Y
151D 1.00	0.1	0.02	1	0.16	0.02	0.33	0.37	0.01	0.14	0.03	0.01	0.73	0.08	0.1	0.07	0.26	0.1	0.02	0.01	0.05
																				
152S 1.00	0.46	0.02	0.03	0.03	0.01	0.04	0.01	0.02	0.03	0.02	0.01	0.05	0.04	0.03	0.02	0.86	1	0.04	0	0.01
																				
153F 1.00	0.14	0.04	0.03	0.05	0.69	0.05	0.06	0.34	0.05	1	0.2	0.05	0.05	0.06	0.06	0.08	0.31	0.27	0.06	0.21
																				
154Q 1.00	0.17	0.06	0.07	0.1	0.67	0.11	0.18	0.14	0.11	0.24	0.08	0.11	0.07	0.39	0.13	0.14	0.13	0.17	0.06	1
																				
155S 1.00	0.54	0.18	0.24	0.32	0.7	0.35	0.54	0.4	0.34	0.66	0.22	0.34	0.22	0.33	0.37	0.44	0.42	0.51	0.18	1
																				
156F 1.00	0.15	0.27	0.05	0.07	0.6	0.09	0.14	0.19	0.08	1	0.11	0.08	0.06	0.08	0.09	0.11	0.11	0.19	0.11	0.63
																				
157Y 1.00	0.01	0	0	0	0.34	0	0	0.01	0	0.03	0.01	0	0	0	0	0	0	0.01	0.03	1
																				
158S 1.00	0.38	0.21	0.36	0.16	0.05	0.34	0.09	0.06	0.17	0.08	0.04	0.51	0.16	0.12	0.1	1	0.68	0.12	0.02	0.07
																				
159P 1.00	0.23	0.01	0.01	0.01	0	0.05	0	0.01	0.01	0.01	0.01	0.01	1	0.01	0.01	0.05	0.02	0.02	0	0
																				
160H 1.00	0.89	0.2	0.59	0.84	0.72	0.54	0.6	0.48	0.76	0.78	0.27	0.6	0.35	0.6	0.61	0.79	0.68	0.63	0.19	1
																				
161K 1.00	0.55	0.06	0.42	0.67	0.18	0.32	0.2	0.18	1	0.31	0.11	0.49	0.23	0.49	0.75	0.6	0.45	0.26	0.05	0.2
																				
162A 1.00	0.85	0.09	0.06	0.13	0.08	0.05	0.04	0.59	0.13	0.38	0.11	0.07	0.12	0.16	0.08	0.13	0.34	1	0.02	0.06
																				
163Q 0.90	0.65	0.05	0.57	1	0.05	0.87	0.12	0.16	0.98	0.26	0.09	0.45	0.24	0.67	0.47	0.98	0.49	0.24	0.02	0.05
																				
164M 0.90	0.8	0.08	0.62	1	0.18	0.42	0.22	0.25	0.97	0.41	0.14	0.52	0.3	0.62	0.6	0.75	0.61	0.36	0.05	0.22
																				
165K 0.90	0.12	0.01	0.03	0.16	0.03	0.08	0.09	0.05	1	0.23	0.04	0.1	0.08	0.24	0.97	0.1	0.12	0.07	0.02	0.05
																				
166N 1.00	0.74	0.05	0.82	1	0.05	0.47	0.12	0.17	0.85	0.27	0.1	0.56	0.25	0.54	0.48	0.77	0.67	0.26	0.02	0.04
																				
167P 1.00	0.8	0.06	0.59	0.96	0.07	0.38	0.14	0.19	1	0.32	0.11	0.48	0.39	0.58	0.68	0.76	0.57	0.34	0.02	0.07
																				
168I 1.00	1	0.2	0.61	0.93	0.66	0.56	0.57	0.51	0.92	0.81	0.28	0.62	0.38	0.68	0.69	0.89	0.81	0.71	0.18	0.92
																				
169L 1.00	0.08	0.02	0.01	0.08	0.16	0.02	0.02	0.4	0.03	1	0.25	0.02	0.03	0.04	0.03	0.03	0.05	0.25	0.02	0.03
																				
170E 1.00	0.02	0	0.2	1	0	0.01	0.01	0	0.02	0.01	0	0.01	0.01	0.03	0.01	0.01	0.01	0.01	0	0
																				
171R 1.00	0.69	0.06	0.46	0.79	0.07	0.32	0.14	0.2	1	0.31	0.11	0.41	0.25	0.53	0.69	0.59	0.53	0.35	0.03	0.08
																				
172L 1.00	0.04	0.01	0	0.01	0.09	0.01	0.01	0.77	0.01	1	0.38	0.01	0.02	0.02	0.01	0.01	0.02	0.16	0.01	0.01
																				
173A 1.00	1	0	0	0	0	0	0	0	0	0	0	0	0	0	0	0	0	0	0	0
																				
174E 1.00	0.16	0.01	0.4	1	0.01	0.07	0.03	0.03	0.18	0.05	0.02	0.09	0.08	0.45	0.08	0.12	0.3	0.05	0.01	0.02
																				
175Q 1.00	0.03	0	0.01	0.04	0.01	0.02	0.02	0.01	0.14	0.02	0.01	0.02	0.02	1	0.34	0.02	0.02	0.01	0	0.01
pos	A	C	D	E	F	G	H	I	K	L	M	N	P	Q	R	S	T	V	W	Y
176I 1.00	0.01	0	0	0	0.02	0	0	1	0	0.34	0.03	0	0	0	0	0	0.01	0.09	0	0.01
																				
177A 1.00	1	0.04	0.02	0.04	0.03	0.07	0.01	0.18	0.04	0.13	0.04	0.02	0.06	0.03	0.02	0.09	0.13	0.85	0.01	0.01
																				
178T 1.00	0.03	0.01	0.01	0.01	0	0.01	0	0.01	0.01	0.01	0	0.02	0.01	0.01	0.01	0.3	1	0.01	0	0
																				
179L 1.00	0.04	0.01	0	0.01	0.04	0.01	0	0.16	0.01	1	0.05	0.01	0.01	0.01	0.01	0.01	0.03	0.51	0.01	0.01
																				
180C 1.00	0	1	0	0	0	0	0	0	0	0	0	0	0	0	0	0	0	0	0	0
																				
181A 1.00	1	0.02	0.01	0.02	0.01	0.04	0	0.06	0.02	0.05	0.02	0.01	0.03	0.01	0.01	0.04	0.05	0.34	0	0.01
																				
182T 1.00	0.03	0.01	0.01	0.01	0	0.01	0	0.01	0.01	0.01	0	0.02	0.01	0.01	0.01	0.3	1	0.01	0	0
																				
183L 1.00	0	0	0	0	0	0	0	0	0	1	0	0	0	0	0	0	0	0	0	0
																				
184K 1.00	0.6	0.06	1	0.86	0.06	0.66	0.2	0.13	0.77	0.22	0.08	0.98	0.27	0.53	0.42	0.77	0.49	0.2	0.02	0.09
																				
185E 1.00	0	0	0	1	0	0	0	0	0	0	0	0	0	0	0	0	0	0	0	0
																				
186Y 1.00	0.62	0.21	0.65	0.39	0.66	0.65	0.59	0.38	0.43	0.63	0.21	0.84	0.28	0.37	0.41	0.68	0.53	0.5	0.18	1
																				
187P 1.00	0	0	0	0	0	0	0	0	0	0	0	0	1	0	0	0	0	0	0	0
																				
188A 1.00	1	0.1	0.59	0.86	0.15	0.56	0.18	0.24	0.81	0.35	0.13	0.53	0.33	0.53	0.48	0.9	0.67	0.34	0.04	0.18
																				
189V 1.00	0.02	0.01	0	0	0.02	0.01	0	1	0.01	0.3	0.02	0	0	0	0.01	0.01	0.02	0.91	0	0.01
																				
190R 1.00	0	0	0	0	0	0	0	0	0	0	0	0	0	0	1	0	0	0	0	0
																				
191Y 1.00	0.01	0	0	0	0.34	0	0	0.01	0	0.03	0.01	0	0	0	0	0	0	0.01	0.03	1
																				
192R 1.00	0.06	0.01	0.03	0.08	0.01	0.04	0.04	0.02	0.57	0.05	0.02	0.06	0.04	0.11	1	0.3	0.06	0.03	0.01	0.02
																				
193G 1.00	0.75	0.05	0.53	0.86	0.06	0.4	0.13	0.17	1	0.28	0.1	0.44	0.26	0.53	0.62	0.77	0.51	0.26	0.02	0.06
																				
194E 1.00	0.61	0.05	0.88	1	0.05	0.66	0.12	0.14	0.96	0.24	0.08	0.52	0.24	0.49	0.41	0.82	0.46	0.22	0.02	0.05
																				
195Y 1.00	0.5	0.18	0.2	0.27	0.7	0.33	0.54	0.39	0.29	0.65	0.22	0.31	0.21	0.29	0.35	0.4	0.39	0.5	0.19	1
																				
196K 1.00	0.45	0.03	0.55	1	0.04	0.22	0.08	0.1	0.55	0.18	0.06	0.28	0.2	0.4	0.28	0.4	0.32	0.16	0.01	0.04
																				
197D 1.00	0.71	0.08	0.72	1	0.14	0.42	0.2	0.3	0.78	0.36	0.12	0.51	0.28	0.5	0.51	0.62	0.53	0.47	0.04	0.18
																				
198N 1.00	0.15	0.03	0.13	0.07	0.02	0.09	0.03	0.04	0.08	0.04	0.02	0.95	0.08	0.06	0.05	0.75	1	0.07	0.01	0.02
																				
199A 1.00	1	0.04	0.01	0.03	0.03	0.01	0.01	0.36	0.03	0.17	0.05	0.02	0.04	0.02	0.02	0.04	0.13	0.57	0	0.01
																				
200L 1.00	0.72	0.05	0.62	1	0.07	0.36	0.13	0.18	0.87	0.31	0.14	0.47	0.26	0.6	0.49	0.72	0.54	0.28	0.02	0.06
pos	A	C	D	E	F	G	H	I	K	L	M	N	P	Q	R	S	T	V	W	Y
201L 1.00	0.01	0	0	0	0.03	0	0	0.27	0	1	0.04	0	0	0.01	0	0	0.01	0.05	0	0
																				
202A 1.00	1	0.01	0.01	0.01	0	0.17	0	0	0.01	0.01	0	0.01	0.02	0.01	0.01	0.05	0.02	0.02	0	0
																				
203Q 1.00	0.78	0.12	0.94	0.88	0.3	0.76	0.48	0.26	0.87	0.44	0.15	1	0.33	0.67	0.57	0.85	0.59	0.37	0.09	0.43
																				
204L 1.00	0.59	0.12	0.13	0.19	0.51	0.27	0.26	0.41	0.2	1	0.23	0.18	0.17	0.19	0.2	0.36	0.3	0.44	0.1	0.49
																				
205I 1.00	0.06	0.01	0	0.01	0.01	0	0	0.27	0.01	0.08	0.02	0.01	0.01	0.01	0.01	0.01	0.26	1	0	0.01
																				
206Q 1.00	0.29	0.02	0.48	1	0.05	0.13	0.08	0.09	0.41	0.25	0.06	0.16	0.15	0.39	0.23	0.2	0.18	0.12	0.02	0.05
																				
207D 1.00	0.52	0.03	0.57	1	0.04	0.24	0.09	0.11	0.61	0.19	0.07	0.31	0.2	0.44	0.32	0.45	0.36	0.18	0.01	0.03
																				
208K 1.00	0	0	0	0	0	0	0	0	1	0	0	0	0	0	0	0	0	0	0	0
																				
209L 1.00	0	0	0	0	0	0	0	0	0	1	0	0	0	0	0	0	0	0	0	0
																				
210D 1.00	0.02	0	1	0.04	0	0.07	0.02	0	0.03	0.01	0	0.45	0.02	0.02	0.02	0.06	0.02	0	0	0.01
																				
211A 1.00	0.99	0.2	0.83	0.53	0.52	0.88	0.52	0.33	0.56	0.56	0.19	1	0.37	0.42	0.46	0.92	0.63	0.48	0.15	0.78
																				
212Y 1.00	0.04	0.02	0.01	0.02	0.72	0.02	0.03	0.06	0.01	0.12	0.03	0.02	0.02	0.01	0.02	0.03	0.03	0.3	0.08	1
																				
213K 1.00	0.1	0.01	0.03	0.1	0.03	0.06	0.05	0.06	1	0.13	0.19	0.06	0.05	0.13	0.31	0.07	0.08	0.07	0.01	0.03
																				
214A 1.00	1	0.13	0.17	0.33	0.17	0.29	0.14	0.59	0.59	0.57	0.17	0.2	0.25	0.29	0.51	0.41	0.49	0.95	0.04	0.16
																				
215D 1.00	0.06	0.01	1	0.1	0.01	0.07	0.02	0.01	0.05	0.02	0.01	0.11	0.03	0.04	0.02	0.11	0.32	0.02	0	0.01
																				
216D 1.00	0.62	0.05	0.68	1	0.05	0.32	0.11	0.15	0.74	0.25	0.09	0.44	0.23	0.49	0.41	0.61	0.55	0.29	0.02	0.05
																				
217P 1.00	0.5	0.03	0.09	0.17	0.02	0.16	0.04	0.04	1	0.07	0.03	0.08	1	0.12	0.19	0.18	0.12	0.09	0.01	0.03
																				
218T 1.00	0.11	0.02	0.04	0.03	0.01	0.19	0.01	0.02	0.03	0.02	0.01	0.06	0.04	0.02	0.02	1	0.45	0.03	0	0.01
																				
219M 1.00	0.03	0.01	0	0.01	0.31	0.01	0.01	0.14	0.01	1	0.48	0.01	0.01	0.01	0.01	0.01	0.02	0.08	0.01	0.02
																				
220G 0.90	1	0.13	0.24	0.22	0.21	0.76	0.1	0.81	0.27	0.69	0.17	0.25	0.3	0.17	0.21	0.59	0.32	0.8	0.05	0.16
																				
221E 0.90	0.05	0	0.1	1	0.01	0.02	0.02	0.01	0.36	0.02	0.01	0.03	0.03	0.06	0.05	0.03	0.03	0.02	0	0.01
																				
222G 1.00	0.09	0.01	0.07	0.05	0.01	1	0.02	0.01	0.3	0.02	0.01	0.08	0.04	0.04	0.06	0.07	0.04	0.02	0	0.01
																				
223P 0.80	0.3	0.01	0.02	0.02	0.01	0.07	0	0.01	0.02	0.02	0.01	0.01	1	0.01	0.01	0.07	0.03	0.03	0	0.01
																				
224D 0.80	0.17	0.01	0.68	1	0.02	0.18	0.07	0.03	0.19	0.05	0.02	0.48	0.1	0.18	0.08	0.18	0.11	0.04	0.01	0.03
																				
225K 1.00	0.07	0.01	0.38	0.19	0.01	0.09	0.03	0.01	1	0.02	0.01	0.12	0.04	0.07	0.06	0.08	0.05	0.02	0	0.02
pos	A	C	D	E	F	G	H	I	K	L	M	N	P	Q	R	S	T	V	W	Y
226A 1.00	0.66	0.05	0.42	0.31	0.03	0.21	0.05	0.08	0.2	0.1	0.04	0.23	0.15	0.15	0.11	0.55	1	0.15	0.02	0.04
																				
227R 1.00	0.02	0	0.01	0.03	0.01	0.02	0.13	0.01	0.14	0.02	0.01	0.02	0.02	0.16	1	0.02	0.02	0.01	0	0.01
																				
228S 1.00	0	0	0	0	0	0	0	0	0	0	0	0	0	0	0	1	0	0	0	0
																				
229Q 1.00	0.14	0.02	0.1	0.14	0.02	0.08	0.03	0.04	0.17	0.06	0.02	0.1	0.06	1	0.12	0.21	0.47	0.08	0.01	0.02
																				
230L 1.00	0	0	0	0	0	0	0	0	0	1	0	0	0	0	0	0	0	0	0	0
																				
231L 1.00	0.01	0	0	0	0.02	0	0	0.17	0	1	0.03	0	0	0	0	0	0.01	0.04	0	0
																				
232I 1.00	0	0	0	0	0	0	0	1	0	0	0	0	0	0	0	0	0	0	0	0
																				
233L 1.00	0.03	0.01	0	0.01	0.07	0.01	0	0.78	0.01	1	0.39	0.01	0.01	0.01	0.01	0.01	0.03	0.34	0.01	0.01
																				
234D 1.00	0	0	1	0	0	0	0	0	0	0	0	0	0	0	0	0	0	0	0	0
																				
235R 1.00	0	0	0	0	0	0	0	0	0	0	0	0	0	0	1	0	0	0	0	0
																				
236G 1.00	0.63	0.04	0.05	0.05	0.02	1	0.01	0.02	0.05	0.04	0.02	0.05	0.09	0.03	0.03	0.2	0.36	0.06	0.01	0.01
																				
237F 1.00	0.55	0.18	0.21	0.29	0.74	0.34	0.54	0.4	0.31	0.66	0.22	0.31	0.21	0.32	0.36	0.41	0.4	0.51	0.18	1
																				
238D 1.00	0	0	1	0	0	0	0	0	0	0	0	0	0	0	0	0	0	0	0	0
																				
239P 1.00	0.68	0.18	0.05	0.05	0.03	0.28	0.01	0.05	0.06	0.07	0.03	0.04	1	0.04	0.04	0.27	0.12	0.14	0.01	0.02
																				
240S 1.00	0.05	0.01	0.01	0.01	0.03	0.01	0	0.48	0.01	0.37	0.03	0.01	0.01	0.01	0.01	0.12	0.04	1	0	0.01
																				
241S 1.00	0.32	0.01	0.02	0.02	0.01	0.03	0.01	0.01	0.02	0.01	0.01	0.03	0.03	0.01	0.01	1	0.29	0.02	0	0.01
																				
242P 1.00	0.1	0.01	0.03	0.03	0.01	0.05	0.01	0.02	0.03	0.03	0.01	0.04	1	0.02	0.02	0.12	0.39	0.04	0	0.01
																				
243V 1.00	0.03	0.01	0	0.01	0.04	0.01	0	0.15	0.01	1	0.05	0.01	0.01	0.01	0.01	0.01	0.02	0.48	0.01	0.01
																				
244L 1.00	0.01	0	0	0	0.03	0	0	0.27	0	1	0.04	0	0	0.01	0	0	0.01	0.05	0	0
																				
245H 1.00	0	0	0	0	0	0	1	0	0	0	0	0	0	0	0	0	0	0	0	0
																				
246E 1.00	0	0	0	1	0	0	0	0	0	0	0	0	0	0	0	0	0	0	0	0
																				
247L 1.00	0.02	0	0	0	0.25	0	0	0.08	0.01	1	0.05	0	0.01	0.01	0.01	0.01	0.01	0.04	0.01	0.03
																				
248T 1.00	0.03	0.01	0.01	0.01	0	0.01	0	0.01	0.01	0.01	0	0.02	0.01	0.01	0.01	0.3	1	0.01	0	0
																				
249F 1.00	0.02	0.01	0	0.01	1	0.01	0.01	0.04	0	0.38	0.02	0	0.01	0	0.01	0.01	0.01	0.03	0.06	0.48
																				
250Q 1.00	0	0	0	0	0	0	0	0	0	0	0	0	0	1	0	0	0	0	0	0
pos	A	C	D	E	F	G	H	I	K	L	M	N	P	Q	R	S	T	V	W	Y
251A 1.00	1	0	0	0	0	0	0	0	0	0	0	0	0	0	0	0	0	0	0	0
																				
252M 1.00	0	0	0	0	0	0	0	0	0	0	1	0	0	0	0	0	0	0	0	0
																				
253S 1.00	1	0.18	0.03	0.04	0.02	0.13	0.01	0.08	0.04	0.07	0.03	0.03	0.07	0.03	0.03	0.26	0.11	0.41	0.01	0.02
																				
254Y 1.00	0	0	0	0	0	0	0	0	0	0	0	0	0	0	0	0	0	0	0	1
																				
255D 1.00	0	0	1	0	0	0	0	0	0	0	0	0	0	0	0	0	0	0	0	0
																				
256L 1.00	0	0	0	0	0	0	0	0	0	1	0	0	0	0	0	0	0	0	0	0
																				
257L 1.00	0.02	0	0	0	0.25	0	0	0.08	0.01	1	0.05	0	0.01	0.01	0.01	0.01	0.01	0.04	0.01	0.03
																				
258P 1.00	0.22	0.05	0.92	0.34	0.05	0.63	0.2	0.04	0.3	0.07	0.02	1	0.22	0.2	0.16	0.5	0.22	0.06	0.02	0.11
																				
259I 1.00	0	0	0	0	0	0	0	1	0	0	0	0	0	0	0	0	0	0	0	0
																				
260E 1.00	0.09	0.01	0.13	1	0.01	0.03	0.02	0.04	0.07	0.04	0.01	0.03	0.04	0.07	0.03	0.05	0.05	0.16	0	0.01
																				
261N 1.00	0.04	0.01	0.14	0.07	0.01	0.1	0.03	0.01	0.08	0.02	0.01	1	0.03	0.36	0.05	0.08	0.05	0.01	0	0.02
																				
262D 1.00	0	0	1	0	0	0	0	0	0	0	0	0	0	0	0	0	0	0	0	0
																				
263V 1.00	0.37	0.07	0.08	0.14	0.05	0.07	0.05	0.3	0.44	0.23	0.07	0.11	0.11	0.12	0.16	0.29	1	0.96	0.01	0.04
																				
264Y 1.00	0.01	0	0	0	0.34	0	0	0.01	0	0.03	0.01	0	0	0	0	0	0	0.01	0.03	1
																				
265K 1.00	0.08	0.01	0.03	0.1	0.01	0.05	0.05	0.03	1	0.06	0.02	0.07	0.05	0.13	0.88	0.36	0.08	0.04	0.01	0.02
																				
266Y 1.00	0.01	0	0	0	0.34	0	0	0.01	0	0.03	0.01	0	0	0	0	0	0	0.01	0.03	1
																				
267E 0.90	0.08	0	0.44	1	0.01	0.04	0.02	0.01	0.36	0.02	0.01	0.04	0.04	0.09	0.03	0.05	0.04	0.02	0	0.01
																				
268T 1.00	0	0	0	0	0	0	0	0	0	0	0	0	0	0	0	0	1	0	0	0
																				
269S 1.00	0.69	0.08	0.7	0.68	0.06	0.5	0.15	0.15	0.63	0.22	0.09	0.67	0.29	0.41	0.36	1	0.98	0.24	0.03	0.08
																				
270G 1.00	0.03	0.01	0.09	0.03	0	1	0.02	0	0.03	0.01	0	0.33	0.02	0.02	0.02	0.06	0.02	0.01	0	0.01
																				
271I 0.80	1	0.15	0.43	0.67	0.33	0.41	0.27	0.53	0.65	0.73	0.22	0.4	0.32	0.46	0.44	0.7	0.69	0.87	0.08	0.39
																				
272G 0.80	0.15	0.03	0.78	0.2	0.02	1	0.11	0.02	0.19	0.04	0.01	0.85	0.1	0.13	0.1	0.9	0.15	0.04	0.01	0.06
																				
273E 0.80	0.33	0.01	0.31	1	0.02	0.07	0.04	0.03	0.19	0.05	0.02	0.08	0.08	0.27	0.08	0.12	0.1	0.05	0.01	0.02
																				
274A 0.80	0.62	0.06	0.36	0.49	0.05	0.25	0.08	0.14	0.48	0.19	0.07	0.4	0.25	0.31	0.28	0.9	1	0.21	0.02	0.05
																				
275R 1.00	0.46	0.04	0.36	0.62	0.07	0.25	0.15	0.14	1	0.28	0.09	0.33	0.2	0.47	0.74	0.43	0.37	0.2	0.03	0.1
pos	A	C	D	E	F	G	H	I	K	L	M	N	P	Q	R	S	T	V	W	Y
276V 0.90	0.17	0.01	0.23	1	0.02	0.08	0.04	0.05	0.44	0.07	0.03	0.1	0.08	0.18	0.16	0.13	0.12	0.17	0.01	0.02
																				
277K 1.00	0	0	0	0	0	0	0	0	1	0	0	0	0	0	0	0	0	0	0	0
																				
278E 1.00	0.29	0	0.47	1	0.01	0.07	0.04	0.02	0.16	0.04	0.02	0.08	0.09	0.19	0.05	0.1	0.08	0.04	0.01	0.02
																				
279V 1.00	0.33	0.02	0.01	0.02	0.01	0.02	0	0.1	0.02	0.07	0.02	0.01	0.03	0.01	0.01	0.03	0.07	1	0	0.01
																				
280L 1.00	0.02	0	0	0	0.03	0	0	0.22	0	1	0.03	0	0	0	0	0	0.01	0.21	0	0.01
																				
281L 1.00	0	0	0	0	0	0	0	0	0	1	0	0	0	0	0	0	0	0	0	0
																				
282D 1.00	0.11	0.01	1	0.64	0.01	0.34	0.04	0.01	0.12	0.03	0.01	0.18	0.06	0.12	0.05	0.11	0.07	0.03	0.01	0.02
																				
283E 1.00	0	0	0	1	0	0	0	0	0	0	0	0	0	0	0	0	0	0	0	0
																				
284D 1.00	0.15	0.02	1	0.45	0.02	0.17	0.06	0.03	0.18	0.05	0.02	0.59	0.07	0.13	0.09	0.2	0.41	0.05	0.01	0.03
																				
285D 1.00	0	0	1	0	0	0	0	0	0	0	0	0	0	0	0	0	0	0	0	0
																				
286D 1.00	0.12	0.03	1	0.25	0.07	0.25	0.09	0.03	0.13	0.05	0.02	0.38	0.08	0.11	0.07	0.21	0.1	0.04	0.02	0.24
																				
287L 1.00	0.01	0	0	0	0.03	0	0	0.05	0	1	0.24	0	0	0.01	0	0	0.01	0.03	0	0
																				
288W 1.00	0	0	0	0	0	0	0	0	0	0	0	0	0	0	0	0	0	0	1	0
																				
289I 1.00	0.09	0.02	0.01	0.02	0.03	0.01	0.01	0.43	0.02	0.16	0.04	0.01	0.02	0.01	0.01	0.19	0.08	1	0	0.02
																				
290A 1.00	0.64	0.05	0.5	1	0.05	0.39	0.11	0.13	0.7	0.22	0.08	0.36	0.23	0.44	0.49	0.52	0.39	0.21	0.02	0.06
																				
291L 1.00	0.02	0	0	0	0.04	0	0	0.24	0.01	1	0.18	0	0.01	0.01	0.01	0.01	0.01	0.21	0	0.01
																				
292R 1.00	0	0	0	0	0	0	0	0	0	0	0	0	0	0	1	0	0	0	0	0
																				
293H 1.00	0	0	0	0	0	0	1	0	0	0	0	0	0	0	0	0	0	0	0	0
																				
294K 1.00	0.37	0.03	0.25	0.52	0.04	0.21	0.13	0.11	1	0.21	0.08	0.27	0.18	0.44	0.75	0.34	0.31	0.16	0.02	0.06
																				
295H 1.00	0	0	0	0	0	0	1	0	0	0	0	0	0	0	0	0	0	0	0	0
																				
296I 1.00	0	0	0	0	0	0	0	1	0	0	0	0	0	0	0	0	0	0	0	0
																				
297A 1.00	1	0	0	0	0	0	0	0	0	0	0	0	0	0	0	0	0	0	0	0
																				
298E 1.00	0.26	0.01	0.54	1	0.03	0.12	0.06	0.07	0.24	0.08	0.03	0.14	0.13	0.27	0.09	0.16	0.14	0.12	0.01	0.04
																				
299V 1.00	0	0	0	0	0	0	0	0	0	0	0	0	0	0	0	0	0	1	0	0
																				
300S 1.00	0.68	0.09	0.15	0.15	0.18	0.34	0.06	0.29	0.2	0.73	0.16	0.19	0.21	0.13	0.14	1	0.6	0.33	0.04	0.11
pos	A	C	D	E	F	G	H	I	K	L	M	N	P	Q	R	S	T	V	W	Y
301Q 1.00	0.55	0.04	0.54	1	0.05	0.28	0.12	0.14	0.9	0.23	0.08	0.36	0.23	0.55	0.53	0.51	0.47	0.21	0.02	0.05
																				
302E 1.00	0.25	0.02	0.29	1	0.02	0.14	0.06	0.06	0.71	0.1	0.04	0.41	0.11	0.37	0.23	0.23	0.19	0.09	0.01	0.02
																				
303V 1.00	0.02	0	0	0	0.02	0	0	0.49	0.01	0.35	0.02	0	0	0	0	0.01	0.02	1	0	0.01
																				
304T 1.00	0.21	0.03	0.07	0.06	0.02	0.09	0.02	0.06	0.08	0.06	0.03	0.11	0.22	0.05	0.05	0.4	1	0.11	0.01	0.02
																				
305R 1.00	0.32	0.02	0.26	0.83	0.03	0.17	0.07	0.08	1	0.14	0.05	0.22	0.13	0.45	0.49	0.31	0.52	0.13	0.01	0.03
																				
306S 1.00	0.61	0.09	0.47	0.66	0.21	0.4	0.27	0.23	1	0.42	0.14	0.52	0.26	0.53	0.74	0.65	0.58	0.32	0.07	0.3
																				
307L 1.00	0.01	0	0	0	0.03	0	0	0.05	0	1	0.25	0	0	0.01	0	0	0.01	0.03	0	0
																				
308K 1.00	0.07	0.01	0.31	0.14	0.01	0.06	0.03	0.02	1	0.04	0.01	0.09	0.04	0.09	0.22	0.08	0.06	0.03	0.01	0.02
																				
309D 1.00	0.31	0.02	0.48	1	0.02	0.15	0.06	0.07	0.52	0.11	0.04	0.2	0.13	0.29	0.19	0.27	0.39	0.11	0.01	0.02
																				
310F 1.00	0.02	0.01	0	0.01	1	0.01	0	0.32	0.01	0.19	0.04	0	0.01	0.01	0.01	0.01	0.02	0.08	0.03	0.11
																				
311S 1.00	0.43	0.09	0.14	0.14	0.1	0.16	0.08	0.17	0.17	0.2	0.07	0.21	0.17	0.13	0.12	0.79	1	0.29	0.03	0.12
																				
312S 1.00	0.29	0.02	0.48	1	0.02	0.15	0.06	0.06	0.52	0.1	0.04	0.2	0.12	0.26	0.18	0.54	0.2	0.1	0.01	0.02
																				
313S 1.00	0.05	0.01	0.02	0.01	0	0.02	0.01	0.01	0.02	0.01	0.01	0.03	0.02	0.01	0.01	1	0.76	0.02	0	0.01
																				
314K 1.00	0.03	0	0.05	0.04	0.01	0.04	0.02	0.01	1	0.02	0.01	0.28	0.02	0.04	0.09	0.04	0.03	0.01	0	0.01
																				
315R 1.00	0.06	0.01	0.03	0.09	0.01	0.04	0.04	0.02	0.64	0.05	0.02	0.24	0.04	0.41	1	0.06	0.06	0.03	0.01	0.02
																				
316M 1.00	0.56	0.1	0.1	0.18	0.2	0.09	0.09	0.59	0.24	0.88	0.28	0.11	0.13	0.14	0.14	0.18	0.35	1	0.04	0.14
																				
317N 1.00	0.32	0.06	0.37	0.21	0.04	0.35	0.09	0.07	0.22	0.09	0.04	0.49	0.16	0.15	0.13	0.82	1	0.12	0.02	0.06
																				
318T 1.00	0.5	0.04	0.48	0.93	0.04	0.24	0.09	0.12	0.57	0.19	0.07	0.34	0.21	0.54	0.32	0.72	1	0.19	0.02	0.04
																				
319G 0.60	0.96	0.08	0.1	0.12	0.06	1	0.04	0.06	0.13	0.13	0.18	0.09	0.21	0.09	0.09	0.43	0.17	0.16	0.02	0.06
																				
320E 0.80	0.09	0	1	0.56	0.01	0.04	0.02	0.01	0.09	0.02	0.01	0.05	0.05	0.41	0.03	0.05	0.04	0.02	0	0.01
																				
321K 1.00	0.11	0.01	0.11	0.14	0.03	0.1	0.24	0.04	1	0.07	0.02	0.15	0.06	0.15	0.3	0.23	0.11	0.05	0.01	0.05
																				
322T 1.00	0.54	0.02	0.07	0.1	0.01	0.06	0.02	0.03	0.27	0.04	0.02	0.08	0.06	0.07	0.06	0.41	1	0.06	0.01	0.01
																				
323T 1.00	0.06	0.01	0.05	0.03	0.01	0.04	0.01	0.02	0.03	0.02	0.01	0.43	0.03	0.02	0.02	1	0.36	0.03	0	0.01
																				
324M 1.00	0.03	0.01	0	0.01	0.07	0.01	0.01	0.74	0.01	1	0.39	0.01	0.01	0.01	0.01	0.01	0.02	0.12	0.01	0.01
																				
325R 1.00	0.06	0.01	0.03	0.08	0.01	0.04	0.04	0.02	1	0.04	0.01	0.05	0.04	0.1	0.48	0.31	0.06	0.03	0.01	0.02
pos	A	C	D	E	F	G	H	I	K	L	M	N	P	Q	R	S	T	V	W	Y
326D 1.00	0.36	0.01	0.94	1	0.02	0.09	0.04	0.03	0.18	0.05	0.02	0.1	0.1	0.22	0.06	0.12	0.09	0.05	0.01	0.02
																				
327L 1.00	0.25	0.01	0.01	0.02	0.06	0.03	0.01	0.13	0.02	1	0.07	0.01	0.03	0.02	0.02	0.04	0.04	0.11	0.01	0.01
																				
328S 1.00	0.23	0.03	0.09	0.06	0.02	0.34	0.02	0.03	0.07	0.04	0.02	0.11	0.08	0.05	0.04	1	0.58	0.06	0.01	0.02
																				
329Q 1.00	0.22	0.03	0.26	0.8	0.08	0.11	0.42	0.07	0.33	0.13	0.23	0.14	0.1	1	0.22	0.17	0.15	0.11	0.02	0.11
																				
330M 1.00	0.05	0.01	0.01	0.01	0.08	0.01	0	0.97	0.02	1	0.45	0.01	0.01	0.01	0.01	0.01	0.04	0.78	0.01	0.02
																				
331L 1.00	0.04	0.01	0.01	0.01	0.07	0.01	0	0.78	0.01	1	0.42	0.01	0.01	0.01	0.01	0.01	0.03	0.68	0.01	0.02
																				
332K 1.00	0.01	0	0	0.02	0	0.01	0.01	0.01	1	0.01	0	0.01	0.01	0.03	0.3	0.01	0.02	0.01	0	0.01
																				
333K 1.00	0.05	0	0.02	0.06	0.01	0.03	0.03	0.02	1	0.03	0.01	0.04	0.03	0.08	0.31	0.26	0.05	0.02	0	0.01
																				
334M 1.00	0.01	0	0	0	0.03	0	0	0.06	0	0.4	1	0	0.01	0.01	0	0	0.01	0.03	0	0
																				
335P 1.00	0	0	0	0	0	0	0	0	0	0	0	0	1	0	0	0	0	0	0	0
																				
336Q 1.00	0.04	0.01	0.06	0.07	0.01	0.04	0.27	0.01	0.11	0.03	0.01	0.05	0.02	1	0.09	0.04	0.03	0.02	0	0.02
																				
337Y 1.00	0.04	0.01	0.02	0.02	0.34	0.03	0.2	0.03	0.02	0.05	0.02	0.03	0.02	0.02	0.03	0.03	0.03	0.04	0.01	1
																				
338Q 1.00	0.04	0	0.01	0.05	0.01	0.02	0.03	0.01	0.38	0.03	0.01	0.03	0.03	1	0.47	0.03	0.04	0.02	0.01	0.01
																				
339K 1.00	0.03	0	0.05	0.32	0	0.02	0.01	0.01	1	0.02	0.01	0.02	0.02	0.05	0.06	0.02	0.02	0.01	0	0.01
																				
340E 1.00	0.14	0.01	0.28	1	0.02	0.06	0.04	0.03	0.18	0.06	0.16	0.07	0.08	0.32	0.09	0.09	0.08	0.05	0.01	0.02
																				
341L 1.00	0.02	0	0	0	0.05	0	0	0.35	0.01	1	0.3	0	0.01	0.01	0.01	0.01	0.01	0.06	0.01	0.01
																				
342S 1.00	0.28	0.05	0.5	0.24	0.04	0.58	0.11	0.05	0.24	0.08	0.03	1	0.14	0.16	0.13	0.91	0.62	0.09	0.02	0.07
																				
343K 1.00	0	0	0	0	0	0	0	0	1	0	0	0	0	0	0	0	0	0	0	0
																				
344Y 1.00	0.12	0.04	0.05	0.07	0.29	0.08	0.12	0.09	0.08	0.16	0.05	0.07	0.05	0.31	0.09	0.09	0.09	0.11	0.04	1
																				
345S 1.00	0.54	0.07	0.09	0.09	0.05	0.24	0.03	0.16	0.11	0.15	0.05	0.11	0.15	0.07	0.07	1	0.48	0.43	0.02	0.04
																				
346T 1.00	0.2	0.04	0.02	0.04	0.03	0.02	0.01	0.21	0.04	0.14	0.04	0.04	0.05	0.03	0.03	0.12	1	0.91	0.01	0.01
																				
347H 1.00	0	0	0	0	0	0	1	0	0	0	0	0	0	0	0	0	0	0	0	0
																				
348L 1.00	0.02	0	0	0	0.04	0	0	0.46	0.01	1	0.05	0	0.01	0.01	0.01	0	0.01	0.08	0	0.01
																				
349H 1.00	0.09	0.02	0.34	0.11	0.03	0.24	0.81	0.02	0.12	0.03	0.01	1	0.06	0.08	0.07	0.39	0.11	0.02	0.01	0.05
																				
350L 1.00	0	0	0	0	0	0	0	0	0	1	0	0	0	0	0	0	0	0	0	0
pos	A	C	D	E	F	G	H	I	K	L	M	N	P	Q	R	S	T	V	W	Y
351A 1.00	1	0	0	0	0	0	0	0	0	0	0	0	0	0	0	0	0	0	0	0
																				
352E 1.00	0.06	0	0.77	1	0.01	0.03	0.02	0.01	0.06	0.01	0.01	0.03	0.03	0.07	0.02	0.03	0.03	0.01	0	0.01
																				
353D 1.00	0.14	0.01	1	0.65	0.01	0.09	0.04	0.02	0.16	0.04	0.02	0.13	0.08	0.16	0.26	0.11	0.08	0.04	0.01	0.02
																				
354C 1.00	0.34	1	0.01	0.01	0.01	0.05	0	0.01	0.01	0.02	0.01	0.01	0.02	0.01	0.01	0.05	0.02	0.03	0	0
																				
355M 1.00	0.58	0.07	0.11	0.11	0.1	0.3	0.04	0.16	0.14	0.34	1	0.13	0.17	0.09	0.1	0.7	0.43	0.22	0.02	0.07
																				
356K 1.00	0.43	0.03	0.24	0.29	0.03	0.2	0.08	0.06	1	0.1	0.04	0.44	0.11	0.22	0.32	0.25	0.19	0.09	0.01	0.04
																				
357H 1.00	0.27	0.03	0.21	0.38	0.06	0.19	0.29	0.09	1	0.18	0.06	0.26	0.14	0.4	0.66	0.31	0.24	0.13	0.03	0.1
																				
358Y 1.00	0.01	0	0	0	1	0	0	0.02	0	0.04	0.01	0	0	0	0	0.01	0.01	0.02	0.04	0.55
																				
359Q 1.00	0.15	0.01	0.11	0.27	0.02	0.1	0.08	0.05	1	0.1	0.04	0.13	0.25	0.5	0.49	0.13	0.13	0.07	0.01	0.04
																				
360G 0.90	0.82	0.11	0.82	0.94	0.27	0.66	0.34	0.28	1	0.5	0.16	0.82	0.34	0.63	0.66	0.85	0.63	0.39	0.08	0.38
																				
361T 1.00	0.76	0.1	0.78	1	0.22	0.61	0.28	0.25	0.85	0.4	0.14	0.85	0.3	0.57	0.52	0.96	0.69	0.35	0.06	0.36
																				
362V 1.00	0.02	0	0	0	0.02	0	0	0.49	0.01	0.35	0.02	0	0	0	0	0.01	0.02	1	0	0.01
																				
363D 1.00	0.04	0	0.49	1	0	0.02	0.01	0	0.04	0.01	0	0.02	0.02	0.05	0.01	0.02	0.02	0.01	0	0.01
																				
364K 1.00	0.02	0	0.01	0.03	0	0.01	0.01	0.01	1	0.02	0.01	0.02	0.01	0.25	0.09	0.02	0.02	0.01	0	0.01
																				
365L 1.00	0	0	0	0	0	0	0	0	0	1	0	0	0	0	0	0	0	0	0	0
																				
366C 1.00	0.34	1	0.01	0.01	0.01	0.05	0	0.01	0.01	0.02	0.01	0.01	0.02	0.01	0.01	0.05	0.02	0.03	0	0
																				
367R 1.00	0.44	0.08	0.28	0.46	0.23	0.31	0.27	0.2	1	0.35	0.12	0.36	0.21	0.45	0.79	0.42	0.36	0.26	0.07	0.37
																				
368V 1.00	0.1	0.02	0.01	0.02	0.02	0	0.01	0.2	0.02	0.36	0.03	0.01	0.02	0.01	0.01	0.02	0.32	1	0	0.01
																				
369E 1.00	0	0	0	1	0	0	0	0	0	0	0	0	0	0	0	0	0	0	0	0
																				
370Q 1.00	0	0	0	0	0	0	0	0	0	0	0	0	0	1	0	0	0	0	0	0
																				
371D 1.00	0	0	1	0	0	0	0	0	0	0	0	0	0	0	0	0	0	0	0	0
																				
372L 1.00	0	0	0	0	0	0	0	0	0	1	0	0	0	0	0	0	0	0	0	0
																				
373A 1.00	1	0.01	0.01	0.01	0	0.04	0	0	0.01	0.01	0	0.01	0.02	0.01	0.01	0.17	0.02	0.02	0	0
																				
374M 1.00	0.11	0.03	0.02	0.03	0.15	0.02	0.02	0.31	0.04	1	0.68	0.03	0.04	0.04	0.03	0.05	0.42	0.25	0.02	0.03
																				
375G 1.00	0	0	0	0	0	1	0	0	0	0	0	0	0	0	0	0	0	0	0	0
pos	A	C	D	E	F	G	H	I	K	L	M	N	P	Q	R	S	T	V	W	Y
376T 1.00	0.32	0.04	0.21	0.44	0.04	0.13	0.05	0.19	0.28	0.13	0.05	0.22	0.13	0.19	0.16	0.78	1	0.17	0.02	0.04
																				
377D 1.00	0	0	1	0	0	0	0	0	0	0	0	0	0	0	0	0	0	0	0	0
																				
378A 1.00	1	0.01	0.01	0.01	0	0.03	0	0.01	0.01	0.01	0.01	0.01	0.02	0.01	0.01	0.04	0.1	0.03	0	0
																				
379E 1.00	0.06	0	0.17	1	0.01	0.06	0.02	0.01	0.07	0.02	0.01	0.28	0.04	0.07	0.03	0.06	0.04	0.02	0	0.01
																				
380G 1.00	0	0	0	0	0	1	0	0	0	0	0	0	0	0	0	0	0	0	0	0
																				
381E 1.00	0.09	0	0.2	1	0.01	0.06	0.03	0.02	0.12	0.03	0.01	0.29	0.05	0.33	0.06	0.08	0.06	0.03	0	0.01
																				
382K 1.00	0.06	0.01	0.02	0.07	0.01	0.04	0.03	0.02	1	0.04	0.01	0.05	0.03	0.09	0.49	0.3	0.06	0.03	0.01	0.02
																				
383I 1.00	0.21	0.04	0.01	0.04	0.06	0.01	0.01	0.91	0.04	0.31	0.07	0.02	0.17	0.03	0.02	0.04	0.15	1	0.01	0.02
																				
384K 1.00	0.01	0	0	0.02	0	0.01	0.01	0.01	1	0.01	0	0.01	0.01	0.03	0.19	0.01	0.01	0.01	0	0.01
																				
385D 1.00	0.02	0	1	0.03	0	0.06	0.02	0	0.02	0	0	0.31	0.01	0.02	0.01	0.04	0.02	0	0	0.01
																				
386P 1.00	0.97	0.14	0.58	0.88	0.32	0.47	0.33	0.36	0.84	0.53	0.19	0.54	0.36	0.58	0.55	1	0.93	0.58	0.09	0.43
																				
387M 1.00	0.1	0.02	0.02	0.02	0.03	0.03	0.01	0.08	0.04	0.15	1	0.03	0.03	0.02	0.03	0.1	0.37	0.11	0.01	0.02
																				
388R 1.00	0.21	0.02	0.1	0.27	0.04	0.18	0.12	0.08	1	0.18	0.05	0.17	0.12	0.34	0.81	0.18	0.19	0.1	0.02	0.07
																				
389A 1.00	1	0.18	0.53	0.85	0.49	0.46	0.43	0.59	0.93	0.91	0.26	0.55	0.35	0.62	0.72	0.76	0.75	0.93	0.13	0.64
																				
390I 1.00	0.03	0.01	0	0.01	0.08	0.01	0.01	0.86	0.01	1	0.26	0.01	0.01	0.02	0.01	0.01	0.02	0.14	0.01	0.01
																				
391V 1.00	0.17	0.03	0.02	0.03	0.06	0.03	0.02	0.39	0.04	0.47	0.07	0.03	0.04	0.03	0.03	0.23	0.13	1	0.01	0.03
																				
392P 1.00	0.12	0.02	0.19	0.09	0.01	0.17	0.04	0.02	0.09	0.03	0.01	0.44	1	0.06	0.06	0.16	0.1	0.03	0.01	0.03
																				
393I 1.00	0.03	0.01	0.01	0.01	0.05	0.02	0.01	0.79	0.02	0.35	0.04	0.01	0.01	0.01	0.01	0.02	0.04	1	0.01	0.2
																				
394L 1.00	0	0	0	0	0	0	0	0	0	1	0	0	0	0	0	0	0	0	0	0
																				
395L 1.00	0.08	0.02	0.01	0.02	0.12	0.02	0.02	0.36	0.03	1	0.14	0.02	0.03	0.03	0.03	0.14	0.07	0.24	0.02	0.03
																				
396D 1.00	0.02	0	1	0.03	0	0.06	0.02	0	0.03	0	0	0.33	0.01	0.02	0.01	0.05	0.02	0	0	0.01
																				
397A 1.00	1	0.13	0.33	0.52	0.3	0.51	0.26	0.27	0.64	0.43	0.15	0.32	0.31	0.38	0.47	0.62	0.46	0.44	0.08	0.38
																				
398N 1.00	0.84	0.08	0.44	0.27	0.05	0.49	0.1	0.08	0.27	0.12	0.05	0.82	0.22	0.18	0.16	1	0.61	0.16	0.02	0.07
																				
399V 1.00	0.6	0.11	0.08	0.14	0.15	0.12	0.14	0.43	0.16	0.39	0.12	0.1	0.14	0.12	0.12	0.2	0.36	1	0.04	0.17
																				
400S 1.00	0.56	0.04	0.67	1	0.04	0.29	0.1	0.13	0.68	0.22	0.08	0.38	0.37	0.46	0.44	0.66	0.42	0.21	0.01	0.04
pos	A	C	D	E	F	G	H	I	K	L	M	N	P	Q	R	S	T	V	W	Y
401T 1.00	0.82	0.08	0.64	1	0.09	0.41	0.15	0.22	0.95	0.34	0.12	0.55	0.31	0.6	0.55	0.82	0.69	0.33	0.03	0.1
																				
402Y 1.00	0.51	0.19	0.26	0.3	0.66	0.36	0.43	0.33	0.3	0.55	0.18	0.34	0.2	0.27	0.32	0.41	0.37	0.44	0.17	1
																				
403D 1.00	0.02	0	1	0.03	0	0.06	0.02	0	0.02	0	0	0.31	0.01	0.02	0.01	0.04	0.02	0	0	0.01
																				
404K 1.00	0.01	0	0	0.02	0	0.01	0.01	0.01	1	0.01	0	0.01	0.01	0.03	0.19	0.01	0.01	0.01	0	0.01
																				
405I 1.00	0.01	0	0	0	0.01	0	0	1	0	0.2	0.01	0	0	0	0	0	0.01	0.26	0	0
																				
406R 1.00	0	0	0	0	0	0	0	0	0	0	0	0	0	0	1	0	0	0	0	0
																				
407I 1.00	0.32	0.04	0.02	0.04	0.08	0.01	0.01	0.8	0.04	0.6	0.1	0.02	0.04	0.03	0.03	0.04	0.15	1	0.01	0.03
																				
408I 1.00	0.03	0.01	0.01	0.01	0.05	0.01	0	1	0.01	0.92	0.05	0.01	0.01	0.01	0.01	0.01	0.03	0.51	0.01	0.01
																				
409L 1.00	0.14	0.01	0	0.01	0.06	0.01	0.01	0.11	0.01	1	0.26	0.01	0.01	0.01	0.01	0.01	0.02	0.07	0.01	0.01
																				
410L 1.00	0.01	0	0	0	0.03	0	0	0.05	0	1	0.24	0	0	0.01	0	0	0.01	0.03	0	0
																				
411Y 1.00	0	0	0	0	0	0	0	0	0	0	0	0	0	0	0	0	0	0	0	1
																				
412I 1.00	0.01	0	0	0	0.01	0	0	1	0	0.04	0.01	0	0	0	0	0	0.01	0.22	0	0
																				
413F 1.00	0.04	0.01	0.01	0.01	0.41	0.01	0.01	0.41	0.01	1	0.24	0.01	0.02	0.02	0.01	0.01	0.03	0.13	0.01	0.02
																				
414L 1.00	0.79	0.13	0.28	0.39	0.42	0.43	0.27	0.65	0.41	1	0.27	0.31	0.26	0.31	0.33	0.61	0.52	0.66	0.1	0.45
																				
415K 1.00	0.18	0.02	0.08	0.25	0.03	0.12	0.12	0.13	1	0.15	0.05	0.16	0.12	0.38	0.82	0.16	0.18	0.1	0.02	0.06
																				
416N 1.00	0.01	0	0.29	0.02	0	0.05	0.01	0	0.02	0	0	1	0.01	0.01	0.01	0.04	0.02	0	0	0.01
																				
417G 1.00	0	0	0	0	0	1	0	0	0	0	0	0	0	0	0	0	0	0	0	0
																				
418I 1.00	0.07	0.02	0.01	0.01	0.03	0.01	0	1	0.02	0.15	0.03	0.01	0.02	0.01	0.01	0.02	0.32	0.75	0	0.01
																				
419T 1.00	0.13	0.02	0.07	0.06	0.01	0.05	0.02	0.04	0.35	0.04	0.02	0.1	0.06	0.06	0.06	0.85	1	0.06	0.01	0.02
																				
420E 1.00	0.02	0	0.18	1	0	0.01	0.01	0	0.02	0.01	0	0.01	0.01	0.03	0.01	0.01	0.01	0.01	0	0
																				
421E 1.00	0	0	0	1	0	0	0	0	0	0	0	0	0	0	0	0	0	0	0	0
																				
422N 1.00	0.01	0	0.29	0.02	0	0.05	0.01	0	0.02	0	0	1	0.01	0.01	0.01	0.04	0.02	0	0	0.01
																				
423L 1.00	0.07	0.01	0.01	0.04	0.08	0.03	0.03	0.16	0.14	1	0.1	0.03	0.03	0.06	0.25	0.03	0.05	0.11	0.01	0.02
																				
424N 1.00	0.76	0.06	0.69	1	0.06	0.43	0.14	0.19	0.92	0.3	0.11	0.57	0.28	0.59	0.52	0.78	0.61	0.29	0.02	0.06
																				
425K 1.00	0.02	0	0.01	0.03	0	0.02	0.02	0.01	1	0.02	0.01	0.02	0.02	0.05	0.69	0.02	0.02	0.01	0	0.01
pos	A	C	D	E	F	G	H	I	K	L	M	N	P	Q	R	S	T	V	W	Y
426L 1.00	0	0	0	0	0	0	0	0	0	1	0	0	0	0	0	0	0	0	0	0
																				
427I 1.00	0.04	0.01	0.01	0.01	0.24	0.01	0.01	1	0.01	0.66	0.37	0.01	0.01	0.02	0.01	0.01	0.02	0.15	0.01	0.02
																				
428Q 1.00	0.15	0.01	0.2	0.64	0.02	0.08	0.19	0.04	0.21	0.06	0.02	0.1	0.07	1	0.13	0.13	0.27	0.06	0.01	0.03
																				
429H 1.00	0.21	0.06	0.27	0.19	0.19	0.24	1	0.13	0.28	0.24	0.34	0.61	0.11	0.17	0.23	0.26	0.2	0.16	0.05	0.27
																				
430A 1.00	1	0.02	0.01	0.02	0.01	0.04	0	0.06	0.02	0.05	0.02	0.01	0.03	0.01	0.01	0.05	0.05	0.36	0	0.01
																				
431Q 1.00	0.43	0.05	0.7	0.6	0.05	0.62	0.18	0.1	0.92	0.19	0.06	1	0.21	0.55	0.52	0.56	0.36	0.15	0.02	0.09
																				
432I 1.00	0.01	0	0	0	0.02	0	0	1	0	0.23	0.02	0	0	0	0	0	0.01	0.55	0	0.01
																				
433P 0.90	0.47	0.03	0.52	1	0.04	0.25	0.09	0.11	0.55	0.17	0.06	0.31	0.3	0.7	0.3	0.91	0.36	0.17	0.02	0.04
																				
434P 1.00	0.77	0.05	0.6	1	0.06	0.37	0.12	0.18	0.89	0.29	0.14	0.51	0.33	0.63	0.5	0.75	0.55	0.28	0.02	0.05
																				
435E 1.00	0.78	0.09	0.63	1	0.21	0.41	0.26	0.25	0.88	0.41	0.14	0.5	0.28	0.57	0.52	0.75	0.57	0.36	0.06	0.3
																				
436D 0.80	0.09	0.01	1	0.67	0.01	0.07	0.03	0.02	0.1	0.03	0.01	0.1	0.05	0.1	0.04	0.46	0.06	0.03	0	0.01
																				
437S 1.00	0.19	0.02	0.16	0.24	0.02	0.12	0.06	0.05	0.54	0.08	0.03	0.16	0.09	0.6	0.28	1	0.19	0.07	0.01	0.03
																				
438E 0.70	0.09	0.01	1	0.79	0.01	0.12	0.04	0.01	0.11	0.02	0.01	0.8	0.05	0.1	0.05	0.12	0.06	0.02	0.01	0.02
																				
439I 1.00	0.45	0.06	0.03	0.06	0.15	0.03	0.04	0.53	0.07	1	0.48	0.04	0.07	0.06	0.05	0.07	0.3	0.59	0.02	0.06
																				
440I 1.00	0.02	0	0	0	0.24	0.01	0	1	0.01	0.11	0.02	0	0	0	0.01	0.01	0.02	0.35	0	0.01
																				
441T 1.00	0.24	0.03	0.09	0.18	0.04	0.13	0.1	0.08	0.64	0.14	0.05	0.18	0.13	0.24	1	0.36	0.77	0.13	0.02	0.06
																				
442N 1.00	0	0	0	0	0	0	0	0	0	0	0	1	0	0	0	0	0	0	0	0
																				
443M 1.00	0.12	0.02	0.01	0.02	0.16	0.02	0.03	0.26	0.03	1	0.21	0.02	0.03	0.04	0.03	0.03	0.05	0.17	0.11	0.06
																				
444A 1.00	0.77	0.05	0.5	1	0.05	0.32	0.1	0.14	0.73	0.24	0.08	0.38	0.23	0.46	0.56	0.8	0.45	0.23	0.02	0.05
																				
445H 1.00	0.45	0.19	0.19	0.25	0.62	0.3	0.54	0.35	0.28	0.58	0.2	0.29	0.18	0.34	0.32	0.36	0.35	0.45	0.16	1
																				
446L 1.00	0	0	0	0	0	0	0	0	0	1	0	0	0	0	0	0	0	0	0	0
																				
447G 1.00	0	0	0	0	0	1	0	0	0	0	0	0	0	0	0	0	0	0	0	0
																				
448V 1.00	0.05	0.02	0.01	0.02	0.08	0.04	0.01	1	0.02	0.41	0.07	0.02	0.01	0.01	0.02	0.03	0.05	0.96	0.01	0.04
																				
449P 1.00	0.28	0.05	0.24	0.15	0.03	0.18	0.06	0.08	0.18	0.09	0.04	0.37	0.2	0.12	0.11	0.74	1	0.13	0.02	0.05
																				
450I 1.00	0.02	0.01	0	0.01	0.03	0.01	0	1	0.01	0.45	0.03	0	0	0	0.01	0.01	0.02	0.93	0	0.01
pos	A	C	D	E	F	G	H	I	K	L	M	N	P	Q	R	S	T	V	W	Y
451V 1.00	0.15	0.03	0.01	0.03	0.04	0.01	0.01	0.51	0.03	0.21	0.26	0.01	0.03	0.02	0.02	0.03	0.41	1	0.01	0.02
																				
452T 1.00	0.81	0.07	0.65	1	0.07	0.42	0.15	0.2	1	0.32	0.11	0.58	0.33	0.6	0.57	0.87	0.78	0.31	0.02	0.07
																				
453D 1.00	0.69	0.06	1	0.96	0.06	0.64	0.18	0.15	0.78	0.24	0.09	0.8	0.36	0.55	0.43	0.81	0.52	0.23	0.02	0.09
																				
454S 1.00	1	0.05	0.09	0.11	0.03	0.47	0.02	0.04	0.11	0.07	0.03	0.1	0.14	0.08	0.07	0.98	0.44	0.1	0.01	0.02
																				
455T 0.80	0.36	0.03	0.25	0.46	0.05	0.44	0.13	0.1	1	0.2	0.07	0.28	0.17	0.4	0.73	0.35	0.36	0.15	0.02	0.07
																				
456L 0.80	0.77	0.06	0.62	1	0.08	0.4	0.15	0.2	0.99	0.33	0.12	0.5	0.29	0.61	0.59	0.75	0.59	0.3	0.03	0.09
																				
457R 0.80	0.22	0.02	0.12	0.27	0.04	0.21	0.13	0.07	1	0.15	0.05	0.2	0.13	0.34	0.76	0.19	0.19	0.1	0.02	0.07
																				
458R 1.00	0.21	0.02	0.11	0.29	0.03	0.13	0.11	0.07	1	0.15	0.05	0.17	0.12	0.48	0.72	0.2	0.34	0.1	0.02	0.05
																				
459R 1.00	0.88	0.14	0.6	0.93	0.42	0.49	0.4	0.37	1	0.6	0.21	0.58	0.38	0.69	0.72	0.93	0.82	0.5	0.12	0.59
																				
460S 1.00	1	0.18	0.31	0.42	0.5	0.57	0.4	0.34	0.43	0.55	0.19	0.36	0.32	0.35	0.37	0.77	0.58	0.48	0.14	0.69
																				
461K 1.00	0.52	0.04	0.4	0.67	0.05	0.27	0.11	0.14	1	0.23	0.08	0.35	0.21	0.44	0.7	0.67	0.55	0.29	0.02	0.06
																				
462P 1.00	0.3	0.05	0.06	0.09	0.2	0.14	0.04	0.36	0.11	1	0.22	0.06	0.23	0.08	0.09	0.14	0.14	0.32	0.03	0.06
																				
463E 0.90	0.7	0.06	0.62	1	0.1	0.37	0.16	0.2	0.84	0.33	0.11	0.49	0.27	0.55	0.49	0.7	0.6	0.3	0.03	0.11
																				
464R 1.00	0.03	0	0.01	0.04	0.01	0.02	0.02	0.01	0.31	0.03	0.01	0.03	0.09	0.06	1	0.02	0.03	0.02	0	0.01
																				
465K 1.00	0.02	0	0	0.02	0	0.01	0.01	0.01	1	0.02	0.01	0.02	0.01	0.04	0.43	0.01	0.02	0.01	0	0.01
																				
466E 1.00	0.09	0	0.43	1	0.01	0.06	0.02	0.01	0.1	0.02	0.01	0.08	0.05	0.1	0.04	0.27	0.05	0.02	0	0.01
																				
467R 1.00	0.03	0	0.03	0.28	0	0.02	0.02	0.01	0.11	0.02	0.01	0.02	0.02	0.05	1	0.02	0.02	0.01	0	0.01
																				
468I 1.00	0.87	0.16	0.45	0.67	0.38	0.36	0.31	0.53	0.66	0.74	0.24	0.46	0.32	0.47	0.45	0.89	1	0.81	0.1	0.47
																				
469S 0.60	1	0.1	0.54	0.75	0.22	0.64	0.34	0.24	0.72	0.38	0.14	0.5	0.29	0.48	0.45	0.88	0.75	0.35	0.06	0.29
																				
470E 1.00	0.06	0	0.17	1	0.01	0.06	0.02	0.01	0.07	0.02	0.01	0.28	0.04	0.07	0.03	0.06	0.04	0.02	0	0.01
																				
471Q 1.00	0.63	0.05	0.57	1	0.06	0.31	0.11	0.16	0.75	0.26	0.09	0.4	0.3	0.55	0.42	0.62	0.47	0.29	0.02	0.06
																				
472T 1.00	0.35	0.06	0.06	0.08	0.04	0.07	0.03	0.22	0.09	0.17	0.06	0.09	0.23	0.06	0.06	0.36	1	0.54	0.01	0.03
																				
473Y 1.00	0.01	0	0	0	0.36	0	0	0.01	0	0.03	0.01	0	0	0	0	0	0	0.01	0.03	1
																				
474Q 1.00	0.03	0	0.06	0.35	0	0.01	0.01	0	0.03	0.01	0	0.01	0.02	1	0.02	0.02	0.01	0.01	0	0
																				
475L 1.00	0.09	0.02	0.01	0.02	0.11	0.02	0.02	0.28	0.03	1	0.21	0.02	0.03	0.03	0.03	0.13	0.06	0.41	0.02	0.04
pos	A	C	D	E	F	G	H	I	K	L	M	N	P	Q	R	S	T	V	W	Y
476S 1.00	0	0	0	0	0	0	0	0	0	0	0	0	0	0	0	1	0	0	0	0
																				
477R 1.00	0	0	0	0	0	0	0	0	0	0	0	0	0	0	1	0	0	0	0	0
																				
478W 1.00	0.01	0	0	0	0.14	0	0	0.01	0	0.03	0.01	0	0	0	0	0.01	0	0.01	1	0.36
																				
479T 1.00	0.11	0.02	0.04	0.03	0.01	0.03	0.01	0.05	0.04	0.04	0.02	0.06	0.05	0.03	0.02	0.41	1	0.47	0.01	0.01
																				
480P 1.00	0	0	0	0	0	0	0	0	0	0	0	0	1	0	0	0	0	0	0	0
																				
481I 1.00	0.03	0.01	0.01	0.01	0.23	0.01	0	0.46	0.01	0.18	0.03	0.01	0.01	0.01	0.01	0.01	0.03	1	0.01	0.02
																				
482I 1.00	0.01	0	0	0	0.01	0	0	1	0	0.05	0.01	0	0	0	0	0	0.01	0.33	0	0
																				
483K 1.00	0	0	0	0	0	0	0	0	1	0	0	0	0	0	0	0	0	0	0	0
																				
484D 1.00	0	0	1	0	0	0	0	0	0	0	0	0	0	0	0	0	0	0	0	0
																				
485I 1.00	0.01	0	0	0	0.01	0	0	1	0	0.06	0.01	0	0	0	0	0	0.01	0.46	0	0
																				
486M 1.00	0.41	0.03	0.01	0.03	0.08	0.02	0.01	0.4	0.03	0.42	1	0.02	0.04	0.03	0.02	0.04	0.1	0.32	0.01	0.02
																				
487E 1.00	0	0	0	1	0	0	0	0	0	0	0	0	0	0	0	0	0	0	0	0
																				
488D 1.00	0.02	0	1	0.03	0	0.06	0.02	0	0.02	0	0	0.31	0.01	0.02	0.01	0.04	0.02	0	0	0.01
																				
489T 1.00	0.59	0.13	0.02	0.07	0.05	0.01	0.02	0.51	0.07	0.3	0.09	0.04	0.09	0.05	0.04	0.07	0.34	1	0.01	0.03
																				
490I 1.00	0.01	0	0	0	0.01	0	0	1	0	0.06	0.01	0	0	0	0	0	0.01	0.46	0	0
																				
491E 1.00	0.12	0.01	0.71	1	0.01	0.14	0.05	0.02	0.14	0.03	0.01	0.41	0.08	0.14	0.05	0.13	0.08	0.03	0.01	0.03
																				
492D 1.00	0.05	0	1	0.74	0.01	0.07	0.02	0.01	0.06	0.01	0.01	0.46	0.03	0.06	0.03	0.06	0.04	0.01	0	0.01
																				
493K 1.00	0.07	0.01	0.02	0.09	0.01	0.04	0.05	0.03	0.61	0.06	0.02	0.06	0.05	0.13	1	0.06	0.3	0.04	0.01	0.02
																				
494L 1.00	0	0	0	0	0	0	0	0	0	1	0	0	0	0	0	0	0	0	0	0
																				
495D 1.00	0.11	0.01	1	0.26	0.01	0.13	0.04	0.01	0.08	0.02	0.01	0.16	0.24	0.08	0.04	0.11	0.06	0.02	0.01	0.02
																				
496T 1.00	0.49	0.07	0.29	0.42	0.09	0.23	0.12	0.16	0.56	0.25	0.09	0.33	0.21	0.32	0.44	0.9	1	0.24	0.03	0.12
																				
497K 1.00	0.08	0.01	0.05	0.11	0.01	0.05	0.04	0.03	1	0.05	0.02	0.15	0.04	0.12	0.36	0.08	0.3	0.04	0.01	0.02
																				
498H 1.00	0.34	0.04	0.57	1	0.11	0.19	0.14	0.1	0.36	0.18	0.06	0.24	0.17	0.33	0.18	0.27	0.22	0.15	0.03	0.15
																				
499Y 1.00	0.02	0.01	0	0.01	1	0	0	0.04	0	0.09	0.02	0	0.01	0	0	0.01	0.01	0.03	0.79	0.47
																				
500P 1.00	0	0	0	0	0	0	0	0	0	0	0	0	1	0	0	0	0	0	0	0
pos	A	C	D	E	F	G	H	I	K	L	M	N	P	Q	R	S	T	V	W	Y
501Y 1.00	0.01	0	0	0	1	0	0	0.02	0	0.04	0.01	0	0	0	0	0.01	0.01	0.01	0.03	0.51
																				
502I 1.00	0.1	0.24	0.01	0.02	0.05	0.01	0.01	0.55	0.02	0.48	0.05	0.01	0.02	0.01	0.01	0.02	0.08	1	0.01	0.02
																				
503S 1.00	0.4	0.02	0.21	0.49	0.02	0.13	0.04	0.06	0.54	0.09	0.03	0.15	0.09	0.18	0.16	1	0.18	0.09	0.01	0.02
																				
504T 1.00	0.65	0.05	0.69	1	0.05	0.44	0.11	0.16	0.8	0.26	0.09	0.43	0.24	0.56	0.5	0.63	0.54	0.25	0.02	0.04
																				
505R 1.00	0.7	0.08	0.44	0.73	0.13	0.39	0.2	0.19	1	0.33	0.11	0.42	0.27	0.52	0.71	0.6	0.48	0.3	0.04	0.18
																				
506S 1.00	1	0.04	0.11	0.17	0.02	0.2	0.03	0.04	0.14	0.07	0.03	0.09	0.75	0.28	0.09	0.41	0.16	0.09	0.01	0.02
																				
507S 1.00	1	0.13	0.55	0.88	0.19	0.39	0.21	0.48	0.83	0.52	0.17	0.47	0.35	0.56	0.5	0.75	0.72	0.85	0.05	0.22
																				
508A 1.00	0.65	0.08	0.33	0.45	0.08	0.25	0.1	0.2	0.45	0.24	0.09	0.38	0.22	0.3	0.27	0.86	1	0.4	0.03	0.09
																				
509S 1.00	0.83	0.09	0.63	1	0.19	0.43	0.22	0.26	0.96	0.42	0.15	0.54	0.31	0.63	0.6	0.83	0.69	0.37	0.06	0.23
																				
510F 1.00	1	0.14	0.65	0.63	0.33	0.72	0.32	0.25	0.61	0.42	0.15	0.76	0.33	0.43	0.42	0.91	0.58	0.38	0.09	0.43
																				
511S 1.00	0.83	0.2	0.54	0.58	0.65	0.59	0.56	0.43	0.61	0.69	0.24	0.65	0.34	0.49	0.51	1	0.97	0.57	0.18	0.96
																				
512T 1.00	0.81	0.06	0.63	1	0.09	0.39	0.21	0.2	0.94	0.33	0.12	0.61	0.28	0.71	0.61	0.86	0.65	0.31	0.03	0.09
																				
513T 1.00	1	0.02	0.02	0.02	0.01	0.34	0	0.01	0.02	0.02	0.01	0.02	0.04	0.01	0.02	0.09	0.16	0.03	0	0.01
																				
514A 1.00	1	0.1	0.07	0.11	0.05	0.36	0.02	0.2	0.11	0.19	0.07	0.06	0.34	0.07	0.07	0.37	0.25	0.48	0.01	0.03
																				
515V 1.00	0.33	0.03	0.03	0.04	0.02	0.05	0.01	0.13	0.04	0.1	0.03	0.04	0.05	0.03	0.03	0.21	0.33	1	0.01	0.01
																				
516S 1.00	0	0	0	0	0	0	0	0	0	0	0	0	0	0	0	1	0	0	0	0
																				
517A 1.00	1	0.01	0.01	0.01	0	0.05	0	0.01	0.01	0.01	0	0.01	0.02	0.01	0.01	0.27	0.03	0.02	0	0
																				
518R 1.00	0.01	0	0	0.02	0	0.01	0.01	0.01	0.32	0.01	0	0.01	0.01	0.03	1	0.01	0.02	0.01	0	0.01
																				
519Y 0.90	0.34	0.12	0.15	0.2	0.75	0.23	0.36	0.27	0.22	0.47	0.15	0.21	0.14	0.51	0.25	0.27	0.27	0.34	0.12	1
																				
520G 0.90	0.58	0.06	0.29	0.25	0.04	1	0.09	0.05	0.45	0.11	0.04	0.31	0.37	0.18	0.26	0.4	0.2	0.12	0.02	0.06
																				
521H 0.90	0.24	0.03	0.12	0.31	0.1	0.16	0.57	0.1	1	0.21	0.07	0.21	0.23	0.47	0.99	0.21	0.22	0.14	0.04	0.15
																				
522W 0.80	0	0	0	0	0	0	0	0	0	0	0	0	0	0	0	0	0	0	1	0
																				
523H 0.90	0.66	0.07	0.22	0.37	0.21	0.29	1	0.18	0.96	0.32	0.11	0.31	0.2	0.41	0.93	0.34	0.32	0.25	0.07	0.31
																				
524K 0.90	0.22	0.02	0.54	0.39	0.02	0.17	0.06	0.05	1	0.08	0.03	0.24	0.1	0.19	0.17	0.26	0.34	0.08	0.01	0.03
																				
525N 1.00	0.39	0.03	0.68	1	0.03	0.26	0.09	0.08	0.46	0.13	0.05	0.64	0.29	0.42	0.23	0.37	0.27	0.13	0.01	0.04
pos	A	C	D	E	F	G	H	I	K	L	M	N	P	Q	R	S	T	V	W	Y
526K 1.00	0.1	0.01	0.05	0.12	0.03	0.08	0.08	0.04	1	0.09	0.03	0.27	0.07	0.18	0.51	0.09	0.1	0.05	0.02	0.14
																				
527A 1.00	1	0.09	0.16	0.24	0.12	0.55	0.09	0.11	0.23	0.25	0.07	0.15	0.27	0.16	0.16	0.46	0.24	0.31	0.03	0.15
																				
528P 1.00	0.66	0.05	0.59	1	0.06	0.4	0.14	0.17	0.98	0.28	0.1	0.45	0.28	0.65	0.63	0.62	0.5	0.25	0.02	0.07
																				
529G 1.00	0.92	0.14	0.42	0.63	0.44	0.51	0.36	0.72	0.61	0.72	0.2	0.41	0.28	0.44	0.45	0.72	0.54	1	0.11	0.58
																				
530E 1.00	0.12	0.01	0.36	1	0.01	0.07	0.03	0.02	0.14	0.04	0.01	0.32	0.06	0.24	0.06	0.1	0.07	0.03	0	0.01
																				
531Y 1.00	0.61	0.18	0.29	0.41	0.7	0.38	0.55	0.42	0.43	0.69	0.23	0.37	0.24	0.37	0.43	0.5	0.47	0.55	0.18	1
																				
532R 1.00	0.08	0.01	0.03	0.11	0.01	0.05	0.06	0.03	0.86	0.07	0.02	0.07	0.06	0.16	1	0.07	0.33	0.04	0.01	0.03
																				
533S 1.00	0.73	0.03	0.17	0.11	0.02	0.19	0.04	0.03	0.11	0.05	0.02	0.73	0.09	0.07	0.06	1	0.25	0.07	0.01	0.03
																				
534G 1.00	0.38	0.04	0.05	0.05	0.02	1	0.02	0.04	0.06	0.06	0.02	0.05	0.1	0.04	0.04	0.2	0.08	0.18	0.01	0.02
																				
535P 1.00	0.13	0.01	0.03	0.02	0.01	0.07	0.01	0.01	0.02	0.02	0.01	0.03	1	0.02	0.02	0.74	0.08	0.03	0	0.01
																				
536R 1.00	0.02	0	0	0.03	0	0.01	0.02	0.01	0.5	0.02	0.01	0.02	0.01	0.04	1	0.02	0.02	0.01	0	0.01
																				
537L 1.00	0	0	0	0	0	0	0	0	0	1	0	0	0	0	0	0	0	0	0	0
																				
538I 1.00	0	0	0	0	0	0	0	1	0	0	0	0	0	0	0	0	0	0	0	0
																				
539I 1.00	0.01	0	0	0	0.01	0	0	1	0	0.08	0.01	0	0	0	0	0	0.01	0.77	0	0.01
																				
540F 1.00	0.01	0	0	0	1	0	0	0.02	0	0.05	0.01	0	0	0	0	0.01	0.01	0.02	0.04	0.68
																				
541I 1.00	0.02	0	0	0	0.02	0	0	0.89	0.01	0.08	0.02	0	0	0	0	0.01	0.02	1	0	0.01
																				
542L 1.00	0.02	0.01	0	0.01	0.03	0.01	0	1	0.01	0.29	0.22	0	0	0	0.01	0.01	0.02	0.61	0	0.01
																				
543G 1.00	0	0	0	0	0	1	0	0	0	0	0	0	0	0	0	0	0	0	0	0
																				
544G 1.00	0	0	0	0	0	1	0	0	0	0	0	0	0	0	0	0	0	0	0	0
																				
545V 1.00	0.02	0.01	0	0.01	0.02	0.01	0	0.5	0.01	0.11	0.27	0	0.01	0	0.01	0.01	0.02	1	0	0.01
																				
546S 1.00	0.5	0.01	0.03	0.02	0.01	0.04	0.01	0.02	0.03	0.02	0.01	0.04	0.04	0.02	0.02	0.5	1	0.03	0	0.01
																				
547L 1.00	0.15	0.06	0.05	0.07	1	0.08	0.12	0.27	0.07	0.74	0.45	0.07	0.06	0.07	0.08	0.11	0.11	0.23	0.16	0.85
																				
548N 1.00	0.03	0	0.04	0.02	0	0.03	0.01	0	0.02	0.01	0	0.15	0.01	0.01	0.01	1	0.05	0.01	0	0.01
																				
549E 1.00	0	0	0	1	0	0	0	0	0	0	0	0	0	0	0	0	0	0	0	0
																				
550M 1.00	0.03	0.01	0	0.01	0.02	0	0	0.06	0.01	0.11	1	0	0.01	0.01	0.01	0.01	0.02	0.18	0	0.01
pos	A	C	D	E	F	G	H	I	K	L	M	N	P	Q	R	S	T	V	W	Y
551R 1.00	0	0	0	0	0	0	0	0	0	0	0	0	0	0	1	0	0	0	0	0
																				
552C 1.00	1	0.71	0.03	0.04	0.02	0.19	0.01	0.02	0.04	0.04	0.02	0.03	0.09	0.03	0.03	0.52	0.1	0.07	0.01	0.01
																				
553A 1.00	1	0.17	0.03	0.07	0.06	0.1	0.02	0.49	0.07	0.28	0.08	0.04	0.11	0.05	0.05	0.15	0.26	0.72	0.01	0.04
																				
554Y 1.00	0	0	0	0	0	0	0	0	0	0	0	0	0	0	0	0	0	0	0	1
																				
555E 1.00	0	0	0	1	0	0	0	0	0	0	0	0	0	0	0	0	0	0	0	0
																				
556V 1.00	0.02	0.01	0	0	0.02	0	0	0.11	0.01	0.3	0.02	0	0.01	0	0	0.01	0.02	1	0	0.01
																				
557T 1.00	0.04	0.01	0.02	0.01	0	0.02	0.01	0.01	0.02	0.01	0.01	0.03	0.02	0.01	0.01	0.68	1	0.02	0	0.01
																				
558Q 0.90	0.66	0.05	0.42	0.71	0.07	0.3	0.15	0.15	1	0.26	0.09	0.52	0.22	0.83	0.98	0.52	0.43	0.22	0.03	0.09
																				
559A 1.00	1	0.01	0.01	0.01	0	0.05	0	0.01	0.01	0.01	0	0.01	0.02	0.01	0.01	0.27	0.03	0.02	0	0
																				
560N 1.00	0.91	0.14	0.68	1	0.4	0.52	0.44	0.36	0.96	0.59	0.2	0.64	0.35	0.66	0.65	0.87	0.76	0.51	0.11	0.55
																				
561G 1.00	0.25	0.04	0.12	0.27	0.13	0.21	0.2	0.12	1	0.23	0.08	0.24	0.15	0.37	0.83	0.22	0.22	0.15	0.05	0.21
																				
562K 1.00	0.3	0.03	0.33	0.37	0.03	0.23	0.08	0.07	1	0.12	0.04	0.44	0.25	0.24	0.28	0.58	0.3	0.11	0.01	0.04
																				
563W 1.00	0.75	0.23	0.28	0.37	0.37	0.48	0.36	0.32	1	0.55	0.18	0.42	0.29	0.43	0.79	0.59	0.53	0.46	0.36	0.51
																				
564E 1.00	0.06	0	0.17	1	0.01	0.06	0.02	0.01	0.07	0.02	0.01	0.28	0.04	0.07	0.03	0.06	0.04	0.02	0	0.01
																				
565V 1.00	0.01	0	0	0	0.01	0	0	0.33	0	0.05	0.01	0	0	0	0	0	0.01	1	0	0
																				
566L 1.00	0.05	0.02	0.01	0.02	0.09	0.02	0.02	0.87	0.02	1	0.07	0.02	0.01	0.02	0.02	0.02	0.05	0.71	0.01	0.31
																				
567I 1.00	0.01	0	0	0	0.01	0	0	1	0	0.04	0.01	0	0	0	0	0	0.01	0.22	0	0
																				
568G 1.00	0	0	0	0	0	1	0	0	0	0	0	0	0	0	0	0	0	0	0	0
																				
569S 1.00	0	0	0	0	0	0	0	0	0	0	0	0	0	0	0	1	0	0	0	0
																				
570T 1.00	0.11	0.02	0.21	0.05	0.01	0.05	0.02	0.03	0.06	0.03	0.02	0.11	0.06	0.04	0.04	0.77	1	0.05	0.01	0.02
																				
571H 1.00	0.04	0.01	0.09	0.05	0.02	0.07	1	0.02	0.14	0.03	0.01	0.38	0.03	0.06	0.28	0.07	0.04	0.02	0.01	0.03
																				
572I 1.00	0.01	0	0	0	0.01	0	0	1	0	0.04	0.01	0	0	0	0	0	0.01	0.2	0	0
																				
573L 1.00	0.01	0	0	0	0.02	0	0	0.17	0	1	0.03	0	0	0	0	0	0.01	0.04	0	0
																				
574T 1.00	0.19	0.04	0.07	0.06	0.03	0.06	0.03	0.07	0.08	0.18	0.03	0.12	0.08	0.06	0.05	0.54	1	0.11	0.01	0.03
																				
575P 1.00	0	0	0	0	0	0	0	0	0	0	0	0	1	0	0	0	0	0	0	0
pos	A	C	D	E	F	G	H	I	K	L	M	N	P	Q	R	S	T	V	W	Y
576Q 1.00	0.56	0.04	0.59	0.88	0.04	0.28	0.09	0.14	1	0.22	0.08	0.37	0.21	0.54	0.5	0.54	0.7	0.21	0.01	0.03
																				
577K 1.00	0.08	0.01	0.02	0.11	0.02	0.05	0.06	0.13	1	0.07	0.02	0.07	0.06	0.16	0.63	0.06	0.08	0.05	0.01	0.03
																				
578L 1.00	0.03	0.01	0.01	0.01	1	0.01	0.01	0.05	0.01	0.53	0.03	0.01	0.01	0.01	0.01	0.02	0.02	0.04	0.07	0.55
																				
579L 1.00	0.01	0	0	0	0.03	0	0	0.27	0	1	0.04	0	0	0.01	0	0	0.01	0.05	0	0
																				
580D 1.00	0.06	0.01	1	0.06	0.01	0.06	0.02	0.01	0.04	0.02	0.01	0.1	0.03	0.03	0.02	0.28	0.3	0.02	0	0.01
																				
581T 1.00	0.11	0.01	1	0.2	0.01	0.14	0.05	0.02	0.14	0.04	0.01	0.37	0.06	0.35	0.07	0.16	0.24	0.04	0.01	0.02
																				
582L 1.00	0.01	0	0	0	0.03	0	0	0.29	0	1	0.04	0	0	0.01	0	0	0.01	0.05	0	0
																				
583K 1.00	0.21	0.02	0.1	0.28	0.04	0.15	0.12	0.08	1	0.2	0.05	0.17	0.13	0.34	0.77	0.19	0.19	0.11	0.02	0.07
																				
584K 1.00	0.69	0.05	0.62	0.78	0.05	0.31	0.11	0.16	0.83	0.25	0.31	0.41	0.23	0.46	0.41	0.79	1	0.24	0.02	0.05
																				
585L 1.00	0	0	0	0	0	0	0	0	0	1	0	0	0	0	0	0	0	0	0	0
																				
586N 0.90	0.04	0.01	0.69	0.06	0.01	0.12	0.04	0.01	0.05	0.01	0	1	0.03	0.04	0.03	0.31	0.05	0.01	0	0.02
																				
587K 0.90	0.03	0	0.02	0.05	0.01	0.02	0.02	0.01	1	0.02	0.01	0.03	0.02	0.35	0.12	0.03	0.03	0.01	0	0.01
																				
588T 0.80	0.65	0.05	0.54	0.95	0.05	0.33	0.11	0.16	1	0.26	0.09	0.43	0.31	0.51	0.46	0.72	0.58	0.25	0.02	0.04
																				
589D 0.80	0.6	0.05	0.64	1	0.1	0.35	0.16	0.19	0.78	0.33	0.11	0.45	0.25	0.51	0.47	0.56	0.45	0.26	0.03	0.12
																				
590E 0.70	0.07	0	0.55	1	0.01	0.03	0.02	0.01	0.07	0.02	0.01	0.04	0.04	0.08	0.02	0.04	0.03	0.02	0	0.01
																				
591E 0.70	0.52	0.04	0.69	1	0.04	0.33	0.11	0.12	0.69	0.2	0.07	0.42	0.21	0.45	0.34	0.51	0.38	0.19	0.02	0.04
																				
592I 0.70	0.03	0.01	0	0.01	0.02	0.01	0	1	0.01	0.13	0.02	0.01	0.01	0	0.01	0.01	0.03	0.94	0	0.01
																				
593S 0.70	1	0.04	0.06	0.06	0.02	0.19	0.01	0.03	0.06	0.05	0.02	0.06	0.09	0.04	0.04	0.94	0.15	0.08	0.01	0.02
																				
594S 0.10	0	0	0	0	0	0	0	0	0	0	0	0	0	0	0	1	0	0	0	0
